name,school,position,nil_valuation,nil_rank,class_year,recruiting_stars,followers,profile_url,headshot_url
Arch Manning,Texas Longhorns,QB,5440974.0,1,Senior,5.0,512477,https://www.on3.com/db/arch-manning-7353/,https://on3static.com/uploads/assets/3/173/173003.jpeg
AJ Dybantsa,BYU Cougars,SF,4206384.0,2,Freshman,5.0,834800,https://www.on3.com/db/aj-dybantsa-156943/,https://on3static.com/uploads/assets/348/293/293348.jpg
Jeremiah Smith,Ohio State Buckeyes,WR,4199730.0,3,Junior,5.0,874135,https://www.on3.com/db/jeremiah-smith-60214/,https://on3static.com/uploads/assets/209/342/342209.jpeg
Sam Leavitt,LSU Tigers,QB,4029364.0,4,RedShirt Junior,4.0,39580,https://www.on3.com/db/sam-leavitt-104361/,https://on3static.com/uploads/assets/799/349/349799.jpg
Brendan Sorsby,Texas Tech Red Raiders,QB,3074907.0,5,RedShirt Senior,3.0,8460,https://www.on3.com/db/brendan-sorsby-13764/,https://on3static.com/uploads/assets/522/570/570522.png
Bryce Underwood,Michigan Wolverines,QB,3056431.0,6,Sophomore,5.0,312484,https://www.on3.com/db/bryce-underwood-15949/,https://on3static.com/uploads/assets/804/389/389804.jpg
Dante Moore,Oregon Ducks,QB,2994313.0,7,Senior,5.0,69195,https://www.on3.com/db/dante-moore-29804/,https://on3static.com/uploads/assets/495/245/245495.jpg
JT Toppin,Texas Tech Red Raiders,PF,2949102.0,8,Junior,3.0,18420,https://www.on3.com/db/jt-toppin-155447/,https://on3static.com/uploads/assets/468/137/137468.jpeg
Cam Coleman,Texas Longhorns,WR,2860981.0,9,Junior,5.0,65481,https://www.on3.com/db/cam-coleman-154787/,https://on3static.com/uploads/assets/602/303/303602.png
LaNorris Sellers,South Carolina Gamecocks,QB,2715179.0,10,Senior,4.0,74591,https://www.on3.com/db/lanorris-sellers-145821/,https://on3static.com/uploads/assets/0/257/257000.png
Drew Mestemaker,Oklahoma State Cowboys,QB,2489858.0,11,Junior,,7338,https://www.on3.com/db/drew-mestemaker-269959/,https://on3static.com/uploads/assets/946/510/510946.png
Dylan Stewart,South Carolina Gamecocks,EDGE,2479022.0,12,Junior,5.0,38923,https://www.on3.com/db/dylan-stewart-147687/,https://on3static.com/uploads/assets/510/303/303510.png
Julian Sayin,Ohio State Buckeyes,QB,2393862.0,13,Junior,5.0,66734,https://www.on3.com/db/julian-sayin-68682/,https://on3static.com/uploads/assets/658/332/332658.png
Josh Hoover,Indiana Hoosiers,QB,2289390.0,14,RedShirt Senior,3.0,12958,https://www.on3.com/db/josh-hoover-67226/,https://on3static.com/uploads/assets/11/72/72011.jpeg
Cameron Boozer,Duke Blue Devils,PF,2190090.0,15,Freshman,5.0,132919,https://www.on3.com/db/cameron-boozer-150005/,https://on3static.com/uploads/assets/62/207/207062.jpg
Darian Mensah,Miami Hurricanes,QB,2161001.0,16,RedShirt Junior,3.0,29381,https://www.on3.com/db/darian-mensah-153939/,https://on3static.com/uploads/assets/133/392/392133.jpg
Jayden Maiava,USC Trojans,QB,2159056.0,17,RedShirt Senior,3.0,4360,https://www.on3.com/db/jayden-maiava-58668/,https://on3static.com/uploads/assets/1/177/177001.png
Mason Heintschel,Pittsburgh Panthers,QB,2141088.0,18,Sophomore,3.0,1810,https://www.on3.com/db/mason-heintschel-237555/,https://on3static.com/uploads/assets/407/302/302407.png
Yaxel Lendeborg,Michigan Wolverines,PF,2095779.0,19,Senior,,46148,https://www.on3.com/db/yaxel-lendeborg-174590/,https://on3static.com/uploads/assets/632/294/294632.png
CJ Bailey,NC State Wolfpack,QB,2086187.0,20,Junior,3.0,43117,https://www.on3.com/db/cj-bailey-151582/,https://on3static.com/uploads/assets/344/297/297344.png
Morez Johnson,Michigan Wolverines,PF,2083031.0,21,Sophomore,4.0,22792,https://www.on3.com/db/morez-johnson-147589/,https://on3static.com/uploads/assets/459/433/433459.png
Jayden Quaintance,Kentucky Wildcats,PF,2015590.0,22,Sophomore,5.0,6186,https://www.on3.com/db/jayden-quaintance-159196/,https://on3static.com/uploads/assets/223/473/473223.png
John Mateer,Oklahoma Sooners,QB,1998245.0,23,RedShirt Senior,3.0,45747,https://www.on3.com/db/john-mateer-63401/,https://on3static.com/uploads/assets/299/383/383299.png
Jackson Cantwell,Miami Hurricanes,OT,1936045.0,24,,5.0,14885,https://www.on3.com/db/jackson-cantwell-162632/,https://on3static.com/uploads/assets/908/399/399908.jpg
David Stone,Unknown,DL,1906501.0,25,Junior,5.0,57374,https://www.on3.com/db/david-stone-32134/,https://on3static.com/uploads/assets/947/331/331947.png
Malik Washington,Maryland Terrapins,QB,1903719.0,26,Sophomore,4.0,11994,https://www.on3.com/db/malik-washington-153853/,https://on3static.com/uploads/assets/619/229/229619.png
Byrum Brown,Auburn Tigers,QB,1866346.0,27,Senior,3.0,3111,https://www.on3.com/db/byrum-brown-16332/,https://on3static.com/uploads/assets/671/494/494671.png
Jaron-Keawe Sagapolutele,California Golden Bears,QB,1811056.0,28,Freshman,4.0,8143,https://www.on3.com/db/jaron-keawe-sagapolutele-158482/,https://on3static.com/uploads/assets/779/365/365779.jpg
Braden Smith,Purdue Boilermakers,PG,1799114.0,29,Senior,3.0,35298,https://www.on3.com/db/braden-smith-11729/,https://on3static.com/uploads/assets/972/528/528972.jpg
Kingston Flemings,Houston Cougars,PG,1683028.0,30,Freshman,4.0,8696,https://www.on3.com/db/kingston-flemings-178202/,https://on3static.com/uploads/assets/851/237/237851.jpeg
Jared Curtis,Vanderbilt Commodores,QB,1681515.0,31,,5.0,26630,https://www.on3.com/db/jared-curtis-159433/,https://on3static.com/uploads/assets/251/412/412251.jpg
Jordan Seaton,LSU Tigers,OT,1664984.0,32,Junior,5.0,79878,https://www.on3.com/db/jordan-seaton-65999/,https://on3static.com/uploads/assets/249/342/342249.png
Tyran Stokes,Unknown,SF,1664451.0,33,,5.0,151268,https://www.on3.com/db/tyran-stokes-174854/,https://on3static.com/uploads/assets/498/216/216498.jpg
Ryan Williams,Alabama Crimson Tide,WR,1611211.0,34,Junior,5.0,1225851,https://www.on3.com/db/ryan-williams-152310/,https://on3static.com/uploads/assets/211/342/342211.jpeg
Denzel Aberdeen,Kentucky Wildcats,CG,1600000.0,35,Senior,3.0,0,https://www.on3.com/db/denzel-aberdeen-147282/,https://on3static.com/uploads/assets/768/441/441768.png
Trinidad Chambliss,Ole Miss Rebels,QB,1593846.0,36,RedShirt Senior,,0,https://www.on3.com/db/trinidad-chambliss-250566/,https://on3static.com/uploads/assets/763/438/438763.jpg
Caleb Downs,Ohio State Buckeyes,S,1568670.0,37,Junior,5.0,300240,https://www.on3.com/db/caleb-downs-16957/,https://on3static.com/uploads/assets/608/225/225608.jpeg
Carson Beck,Miami Hurricanes,QB,1564905.0,38,RedShirt Senior,4.0,166931,https://www.on3.com/db/carson-beck-18711/,https://on3static.com/uploads/dev/assets/526/2/2526.jpg
Colin Simmons,Texas Longhorns,EDGE,1544073.0,39,Junior,5.0,189828,https://www.on3.com/db/colin-simmons-25089/,https://on3static.com/uploads/assets/585/410/410585.jpg
Conner Weigman,Houston Cougars,QB,1523027.0,40,RedShirt Senior,5.0,51084,https://www.on3.com/db/conner-weigman-25459/,https://on3static.com/uploads/assets/911/71/71911.jpeg
Flau'jae Johnson,LSU Tigers,CG,1500772.0,41,Junior,,3717480,https://www.on3.com/db/flaujae-johnson-162407/,https://on3static.com/uploads/assets/337/109/109337.png
Evan Stewart,Oregon Ducks,WR,1487578.0,42,Senior,5.0,2408811,https://www.on3.com/db/evan-stewart-43427/,https://on3static.com/uploads/assets/740/349/349740.jpg
Caleb Wilson,North Carolina Tar Heels,PF,1483543.0,43,Freshman,5.0,21287,https://www.on3.com/db/caleb-wilson-152845/,https://on3static.com/uploads/assets/129/533/533129.jpg
Darryn Peterson,Kansas Jayhawks,CG,1475743.0,44,Freshman,5.0,26568,https://www.on3.com/db/darryn-peterson-156883/,https://on3static.com/uploads/assets/254/485/485254.png
Labaron Philon,Alabama Crimson Tide,PG,1442619.0,45,Sophomore,4.0,38451,https://www.on3.com/db/labaron-philon-153504/,https://on3static.com/uploads/assets/456/205/205456.jpg
Bruce Branch III,Unknown,SF,1432500.0,46,,5.0,0,https://www.on3.com/db/bruce-branch-iii-244995/,https://on3static.com/uploads/assets/216/347/347216.jpg
Caleb Holt,Unknown,SG,1410316.0,47,,5.0,33538,https://www.on3.com/db/caleb-holt-174844/,https://on3static.com/uploads/assets/29/232/232029.jpg
Princewill Umanmielen,LSU Tigers,EDGE,1409339.0,48,Senior,4.0,5189,https://www.on3.com/db/princewill-umanmielen-147578/,https://on3static.com/uploads/assets/649/336/336649.png
Rocco Becht,Penn State Nittany Lions,QB,1393969.0,49,RedShirt Senior,3.0,26881,https://www.on3.com/db/rocco-becht-101459/,https://on3static.com/uploads/assets/376/414/414376.png
Jaden Bradley,Arizona Wildcats,PG,1370000.0,50,Senior,4.0,33934,https://www.on3.com/db/jaden-bradley-52576/,https://on3static.com/uploads/assets/509/23/23509.jpeg
Noah Fifita,Arizona Wildcats,QB,1361204.0,51,RedShirt Senior,3.0,29648,https://www.on3.com/db/noah-fifita-93597/,https://on3static.com/uploads/assets/405/414/414405.png
Jeremy Fears,Michigan State Spartans,PG,1346812.0,52,Junior,4.0,64832,https://www.on3.com/db/jeremy-fears-60371/,https://on3static.com/uploads/assets/909/23/23909.jpeg
CJ Carr,Notre Dame Fighting Irish,QB,1336404.0,53,RedShirt Sophomore,4.0,35240,https://www.on3.com/db/cj-carr-23576/,https://on3static.com/uploads/assets/387/331/331387.png
Duce Robinson,Florida State Seminoles,WR,1336221.0,54,Senior,5.0,20119,https://www.on3.com/db/duce-robinson-39307/,https://on3static.com/uploads/assets/962/218/218962.png
Nate Ament,Tennessee Volunteers,SF,1334723.0,55,Freshman,5.0,14250,https://www.on3.com/db/nate-ament-162087/,https://on3static.com/uploads/assets/431/472/472431.png
Bryce James,Arizona Wildcats,SG,1331813.0,56,Freshman,3.0,3420500,https://www.on3.com/db/bryce-james-157726/,https://on3static.com/uploads/assets/391/208/208391.jpg
Ryan Wingo,Texas Longhorns,WR,1330080.0,57,Junior,4.0,39685,https://www.on3.com/db/ryan-wingo-103907/,https://on3static.com/uploads/assets/181/194/194181.png
Malachi Toney,Miami Hurricanes,WR,1328339.0,58,Sophomore,3.0,136392,https://www.on3.com/db/malachi-toney-158769/,https://on3static.com/uploads/assets/806/219/219806.jpg
Dylan Raiola,Oregon Ducks,QB,1325740.0,59,Sophomore,5.0,200433,https://www.on3.com/db/dylan-raiola-147035/,https://on3static.com/uploads/assets/426/333/333426.png
Chaz Coleman,Tennessee Volunteers,EDGE,1322335.0,60,Sophomore,4.0,0,https://www.on3.com/db/chaz-coleman-242875/,https://on3static.com/uploads/assets/809/506/506809.png
Dylan Mingo,Unknown,PG,1317811.0,61,,5.0,5924,https://www.on3.com/db/dylan-mingo-179195/,https://on3static.com/uploads/assets/828/321/321828.png
Keelon Russell,Alabama Crimson Tide,QB,1315949.0,62,Freshman,5.0,60705,https://www.on3.com/db/keelon-russell-176648/,https://on3static.com/uploads/assets/217/321/321217.jpg
Damon Wilson II,Miami Hurricanes,EDGE,1313993.0,63,Senior,5.0,23690,https://www.on3.com/db/damon-wilson-ii-28748/,https://on3static.com/uploads/assets/341/401/401341.png
Mark Bowman,USC Trojans,TE,1313792.0,64,,5.0,6124,https://www.on3.com/db/mark-bowman-238497/,https://on3static.com/uploads/assets/418/435/435418.jpg
Howard Sampson,Texas Tech Red Raiders,OT,1290073.0,65,RedShirt Senior,0.0,11254,https://www.on3.com/db/howard-sampson-150534/,https://on3static.com/uploads/assets/982/268/268982.png
Gunner Stockton,Georgia Bulldogs,QB,1263842.0,66,RedShirt Senior,4.0,41338,https://www.on3.com/db/gunner-stockton-47246/,https://on3static.com/uploads/assets/78/153/153078.jpg
Anthony Thompson,Ohio State Buckeyes,SF,1255836.0,67,,5.0,2083,https://www.on3.com/db/anthony-thompson-241015/,https://on3static.com/uploads/assets/473/353/353473.jpg
Bear Alexander,Oregon Ducks,DL,1233716.0,68,Senior,4.0,42590,https://www.on3.com/db/bear-alexander-9456/,https://on3static.com/uploads/assets/928/218/218928.png
Keaton Wagler,Illinois Fighting Illini,SG,1219308.0,69,Freshman,3.0,3603,https://www.on3.com/db/keaton-wagler-244210/,https://on3static.com/uploads/assets/790/570/570790.jpg
Carter Smith,Unknown,OT,1216032.0,70,RedShirt Senior,3.0,5325,https://www.on3.com/db/carter-smith-18942/,https://on3static.com/uploads/assets/800/263/263800.png
Chris Cenac,Houston Cougars,PF,1215927.0,71,Freshman,5.0,14198,https://www.on3.com/db/chris-cenac-236267/,https://on3static.com/uploads/assets/39/358/358039.jpg
PJ Haggerty,Kansas State Wildcats,SG,1212126.0,72,RedShirt Junior,3.0,5258,https://www.on3.com/db/pj-haggerty-96721/,https://on3static.com/uploads/assets/374/304/304374.png
Mikel Brown Jr.,Louisville Cardinals,PG,1205544.0,73,Freshman,5.0,49903,https://www.on3.com/db/mikel-brown-jr-158520/,https://on3static.com/uploads/assets/491/205/205491.jpg
Drew Allar,Penn State Nittany Lions,QB,1200000.0,74,Senior,5.0,147705,https://www.on3.com/db/drew-allar-38915/,https://on3static.com/uploads/assets/863/94/94863.png
Deron Rippey Jr.,Duke Blue Devils,PG,1198534.0,75,,5.0,3324,https://www.on3.com/db/deron-rippey-jr-180966/,https://on3static.com/uploads/assets/776/457/457776.png
Cayden Green,Missouri Tigers,OT,1189460.0,76,Senior,4.0,20349,https://www.on3.com/db/cayden-green-19225/,https://on3static.com/uploads/assets/740/23/23740.jpeg
Hansel Enmanuel,Unknown,CG,1179193.0,77,Senior,3.0,4406266,https://www.on3.com/db/hansel-enmanuel-150021/,https://on3static.com/uploads/assets/608/32/32608.jpg
Kai Trump,Miami Hurricanes,G,1178415.0,78,,,5408564,https://www.on3.com/db/kai-trump-247684/,https://on3static.com/uploads/assets/953/397/397953.jpg
Jacarrius Peak,South Carolina Gamecocks,OT,1176502.0,79,RedShirt Senior,4.0,16807,https://www.on3.com/db/jacarrius-peak-147253/,https://on3static.com/uploads/assets/572/225/225572.png
DJ Lagway,Baylor Bears,QB,1173042.0,80,Sophomore,5.0,158925,https://www.on3.com/db/dj-lagway-34744/,https://on3static.com/uploads/assets/907/287/287907.png
Matayo Uiagalelei,Oregon Ducks,EDGE,1167297.0,81,Senior,4.0,42371,https://www.on3.com/db/matayo-uiagalelei-84974/,https://on3static.com/uploads/assets/988/303/303988.png
Tyler Tanner,Vanderbilt Commodores,PG,1162848.0,82,Sophomore,3.0,5223,https://www.on3.com/db/tyler-tanner-236018/,https://on3static.com/uploads/assets/314/206/206314.png
Immanuel Iheanacho,Oregon Ducks,OT,1160858.0,83,,5.0,6254,https://www.on3.com/db/immanuel-iheanacho-236385/,https://on3static.com/uploads/assets/540/397/397540.jpg
Demond Williams Jr.,Washington Huskies,QB,1157409.0,84,Junior,4.0,16035,https://www.on3.com/db/demond-williams-jr-34094/,https://on3static.com/uploads/assets/733/125/125733.jpg
Jordan Smith Jr.,Unknown,SG,1152116.0,85,,5.0,7114,https://www.on3.com/db/jordan-smith-jr-159438/,https://on3static.com/uploads/assets/775/457/457775.png
Koa Peat,Arizona Wildcats,SF,1149935.0,86,Freshman,5.0,62662,https://www.on3.com/db/koa-peat-154247/,https://on3static.com/uploads/assets/223/113/113223.jpeg
Bruce Thornton,Ohio State Buckeyes,PG,1148145.0,87,Senior,4.0,32476,https://www.on3.com/db/bruce-thornton-15348/,https://on3static.com/uploads/assets/564/23/23564.jpeg
Julian Lewis,Colorado Buffaloes,QB,1144601.0,88,Freshman,4.0,281282,https://www.on3.com/db/julian-lewis-147051/,https://on3static.com/uploads/assets/64/320/320064.jpg
Ahmad Hardy,Missouri Tigers,RB,1125510.0,89,Junior,,3778,https://www.on3.com/db/ahmad-hardy-240668/,https://on3static.com/uploads/assets/362/391/391362.png
Marcel Reed,Texas A&M Aggies,QB,1109488.0,90,RedShirt Junior,4.0,90494,https://www.on3.com/db/marcel-reed-82333/,https://on3static.com/uploads/assets/107/63/63107.jpg
Kiyan Anthony,Syracuse Orange,SG,1108932.0,91,Freshman,4.0,1340830,https://www.on3.com/db/kiyan-anthony-162557/,https://on3static.com/uploads/assets/474/205/205474.jpg
Anthonie Knapp,Notre Dame Fighting Irish,OT,1102443.0,92,Junior,4.0,3978,https://www.on3.com/db/anthonie-knapp-158129/,https://on3static.com/uploads/assets/409/331/331409.png
Darius Acuff,Arkansas Razorbacks,PG,1099195.0,93,Freshman,5.0,47481,https://www.on3.com/db/darius-acuff-179993/,https://on3static.com/uploads/assets/457/205/205457.jpg
Bryson Howard,Duke Blue Devils,SG,1086713.0,94,,5.0,0,https://www.on3.com/db/bryson-howard-259054/,https://on3static.com/uploads/assets/777/449/449777.jpeg
Cutter Boley,Arizona State Sun Devils,QB,1077262.0,95,Sophomore,4.0,18902,https://www.on3.com/db/cutter-boley-151566/,https://on3static.com/uploads/assets/150/115/115150.jpg
Luke Wafle,USC Trojans,EDGE,1074833.0,96,,5.0,223,https://www.on3.com/db/luke-wafle-180318/,https://on3static.com/uploads/assets/224/450/450224.jpg
Felix Ojo,Texas Tech Red Raiders,OT,1071342.0,97,,5.0,3593,https://www.on3.com/db/felix-ojo-238977/,https://on3static.com/uploads/assets/655/402/402655.jpg
Beau Pribula,Virginia Cavaliers,QB,1063024.0,98,RedShirt Junior,3.0,41952,https://www.on3.com/db/beau-pribula-9533/,https://on3static.com/uploads/assets/244/397/397244.jpg
Baba Oladotun,Maryland Terrapins,SF,1053425.0,99,,5.0,11338,https://www.on3.com/db/baba-oladotun-237822/,https://on3static.com/uploads/assets/218/347/347218.jpg
Dia Bell,Texas Longhorns,QB,1043375.0,100,,5.0,20417,https://www.on3.com/db/dia-bell-152445/,https://on3static.com/uploads/assets/698/226/226698.jpg
