name,position,from_school,to_school,status,nil_valuation,stars,rating,national_rank,position_rank,class_year,commit_date,headshot_url,profile_url,source
Carson Beck,QB,Georgia Bulldogs,Miami Hurricanes,Committed,1564905,5.0,98.0,1.0,1.0,2020,2025-01-10T11:46:00,https://on3static.com/uploads/dev/assets/526/2/2526.jpg,https://www.on3.com/db/carson-beck-18711/,portal_tracker_2025
David Bailey,EDGE,Stanford Cardinal,Texas Tech Red Raiders,Committed,182231,4.0,96.0,2.0,1.0,2022,2025-04-04T20:36:00,https://on3static.com/uploads/assets/608/410/410608.jpg,https://www.on3.com/db/david-bailey-144758/,portal_tracker_2025
John Mateer,QB,Washington State Cougars,Oklahoma Sooners,Committed,1998245,4.0,95.0,3.0,2.0,2022,2024-12-18T18:21:00,https://on3static.com/uploads/assets/299/383/383299.png,https://www.on3.com/db/john-mateer-63401/,portal_tracker_2025
Nico Iamaleava,QB,Tennessee Volunteers,UCLA Bruins,Committed,491614,4.0,95.0,4.0,3.0,2023,2025-04-20T17:00:00,https://on3static.com/uploads/assets/207/226/226207.jpeg,https://www.on3.com/db/nico-iamaleava-145284/,portal_tracker_2025
Isaiah World,OT,Nevada Wolf Pack,Oregon Ducks,Committed,261847,4.0,95.0,5.0,1.0,2021,2024-12-18T22:40:00,https://on3static.com/uploads/assets/389/391/391389.jpg,https://www.on3.com/db/isaiah-world-49880/,portal_tracker_2025
Dillon Thieneman,S,Purdue Boilermakers,Oregon Ducks,Committed,375685,4.0,95.0,6.0,1.0,2023,2024-12-14T16:25:00,https://on3static.com/uploads/assets/316/396/396316.jpg,https://www.on3.com/db/dillon-thieneman-147814/,portal_tracker_2025
Eric Singleton Jr.,WR,Georgia Tech Yellow Jackets,Auburn Tigers,Committed,878201,4.0,95.0,7.0,1.0,2023,2024-12-23T06:30:00,https://on3static.com/uploads/assets/659/396/396659.jpg,https://www.on3.com/db/eric-singleton-jr-155719/,portal_tracker_2025
Makhi Hughes,RB,Tulane Green Wave,Oregon Ducks,Committed,257527,4.0,95.0,8.0,1.0,2022,2025-01-07T18:00:00,https://on3static.com/uploads/assets/642/214/214642.jpeg,https://www.on3.com/db/makhi-hughes-145512/,portal_tracker_2025
Jeremiah Wilson,CB,Houston Cougars,Florida State Seminoles,Committed,0,4.0,93.0,9.0,1.0,2022,2025-04-25T17:39:00,https://on3static.com/uploads/assets/134/392/392134.jpg,https://www.on3.com/db/jeremiah-wilson-60247/,portal_tracker_2025
Kevin Concepcion,WR,NC State Wolfpack,Texas A&M Aggies,Committed,621660,4.0,93.0,10.0,2.0,2023,2024-12-29T12:57:00,https://on3static.com/uploads/assets/658/396/396658.jpg,https://www.on3.com/db/kevin-concepcion-146422/,portal_tracker_2025
Max Klare,TE,Purdue Boilermakers,Ohio State Buckeyes,Committed,127717,4.0,93.0,11.0,1.0,2022,2024-12-23T17:21:00,https://on3static.com/uploads/assets/317/396/396317.jpg,https://www.on3.com/db/max-klare-86636/,portal_tracker_2025
Fernando Mendoza,QB,California Golden Bears,Indiana Hoosiers,Committed,386639,4.0,93.0,12.0,4.0,2022,2024-12-24T10:09:00,https://on3static.com/uploads/assets/832/391/391832.png,https://www.on3.com/db/fernando-mendoza-43783/,portal_tracker_2025
A.J. Haulcy,S,Houston Cougars,LSU Tigers,Committed,0,4.0,93.0,13.0,2.0,2022,2025-05-04T21:05:00,https://on3static.com/uploads/assets/941/450/450941.png,https://www.on3.com/db/aj-haulcy-1429/,portal_tracker_2025
Tacario Davis,CB,Arizona Wildcats,Washington Huskies,Committed,322670,4.0,93.0,14.0,2.0,2022,2025-01-07T14:59:00,https://on3static.com/uploads/assets/132/392/392132.jpg,https://www.on3.com/db/tacario-davis-109666/,portal_tracker_2025
Thaddeus Dixon,CB,Washington Huskies,North Carolina Tar Heels,Committed,0,4.0,93.0,15.0,3.0,2020,2025-01-18T15:08:00,https://on3static.com/uploads/assets/44/465/465044.png,https://www.on3.com/db/thaddeus-dixon-112089/,portal_tracker_2025
Ahmad Hardy,RB,Louisiana-Monroe Warhawks,Missouri Tigers,Committed,1125510,4.0,93.0,16.0,2.0,2024,2024-12-18T20:18:00,https://on3static.com/uploads/assets/362/391/391362.png,https://www.on3.com/db/ahmad-hardy-240668/,portal_tracker_2025
Lee Hunter,DL,UCF Knights,Texas Tech Red Raiders,Committed,493751,4.0,92.0,17.0,1.0,2021,2024-12-18T09:50:00,https://on3static.com/uploads/assets/504/393/393504.jpg,https://www.on3.com/db/lee-hunter-144243/,portal_tracker_2025
Xavier Chaplin,OT,Virginia Tech Hokies,Auburn Tigers,Committed,513617,4.0,92.0,18.0,2.0,2022,2024-12-15T05:28:00,https://on3static.com/uploads/assets/870/86/86870.jpeg,https://www.on3.com/db/xavier-chaplin-146138/,portal_tracker_2025
Darian Mensah,QB,Tulane Green Wave,Duke Blue Devils,Committed,2161001,4.0,92.0,19.0,5.0,2023,2024-12-11T10:51:00,https://on3static.com/uploads/assets/133/392/392133.jpg,https://www.on3.com/db/darian-mensah-153939/,portal_tracker_2025
Damon Wilson II,EDGE,Georgia Bulldogs,Missouri Tigers,Committed,1313993,4.0,92.0,20.0,2.0,2023,2025-01-14T20:33:00,https://on3static.com/uploads/assets/341/401/401341.png,https://www.on3.com/db/damon-wilson-ii-28748/,portal_tracker_2025
Theran Johnson,CB,Northwestern Wildcats,Oregon Ducks,Committed,308523,4.0,92.0,21.0,4.0,2021,2024-12-15T14:53:00,https://on3static.com/uploads/assets/112/16/16112.jpeg,https://www.on3.com/db/theran-johnson-144732/,portal_tracker_2025
Barion Brown,WR,Kentucky Wildcats,LSU Tigers,Committed,443156,4.0,92.0,22.0,3.0,2022,2024-12-14T16:53:00,https://on3static.com/uploads/assets/663/396/396663.jpg,https://www.on3.com/db/barion-brown-9299/,portal_tracker_2025
Tanner Koziol,TE,Wisconsin Badgers,Houston Cougars,Committed,0,4.0,92.0,24.0,2.0,2021,2025-04-17T18:32:00,https://on3static.com/uploads/assets/612/264/264612.jpeg,https://www.on3.com/db/tanner-koziol-110127/,portal_tracker_2025
Jack Endries,TE,California Golden Bears,Texas Longhorns,Committed,0,4.0,92.0,25.0,3.0,2022,2025-04-18T18:17:00,https://on3static.com/uploads/assets/683/439/439683.png,https://www.on3.com/db/jack-endries-51066/,portal_tracker_2025
Clev Lubin,EDGE,Coastal Carolina Chanticleers,Louisville Cardinals,Committed,320834,4.0,92.0,26.0,3.0,2021,2024-12-21T17:23:00,https://on3static.com/uploads/assets/131/393/393131.jpg,https://www.on3.com/db/clev-lubin-24013/,portal_tracker_2025
Tamarcus Cooley,S,NC State Wolfpack,LSU Tigers,Committed,388932,4.0,92.0,27.0,3.0,2023,2025-01-13T16:31:00,https://on3static.com/uploads/assets/159/333/333159.png,https://www.on3.com/db/tamarcus-cooley-149766/,portal_tracker_2025
Tomas Rimac,IOL,West Virginia Mountaineers,Virginia Tech Hokies,Committed,236028,4.0,92.0,28.0,1.0,2021,2024-12-26T18:02:00,https://on3static.com/uploads/assets/930/15/15930.jpeg,https://www.on3.com/db/tomas-rimac-113496/,portal_tracker_2025
Malachi Fields,WR,Virginia Cavaliers,Notre Dame Fighting Irish,Committed,0,4.0,91.0,29.0,5.0,2021,2024-12-23T16:12:00,https://on3static.com/uploads/assets/412/16/16412.jpeg,https://www.on3.com/db/malachi-fields-81419/,portal_tracker_2025
Duce Robinson,WR,USC Trojans,Florida State Seminoles,Committed,1336221,4.0,91.0,30.0,6.0,2023,2024-12-22T18:59:00,https://on3static.com/uploads/assets/962/218/218962.png,https://www.on3.com/db/duce-robinson-39307/,portal_tracker_2025
Kevin Coleman Jr.,WR,Mississippi State Bulldogs,Missouri Tigers,Committed,247496,4.0,91.0,31.0,7.0,2022,2024-12-14T12:09:00,https://on3static.com/uploads/assets/320/396/396320.jpg,https://www.on3.com/db/kevin-coleman-jr-73980/,portal_tracker_2025
Dane Key,WR,Kentucky Wildcats,Nebraska Cornhuskers,Committed,0,4.0,91.0,32.0,8.0,2022,2024-12-24T13:25:00,https://on3static.com/uploads/assets/662/396/396662.jpg,https://www.on3.com/db/dane-key-29015/,portal_tracker_2025
Zachariah Branch,WR,USC Trojans,Georgia Bulldogs,Committed,847346,4.0,91.0,33.0,9.0,2023,2025-01-05T16:03:00,https://on3static.com/uploads/assets/660/396/396660.jpg,https://www.on3.com/db/zachariah-branch-123186/,portal_tracker_2025
Jaydn Ott,RB,California Golden Bears,Oklahoma Sooners,Committed,0,4.0,91.0,34.0,3.0,2022,2025-04-15T18:24:00,https://on3static.com/uploads/assets/160/440/440160.png,https://www.on3.com/db/jaydn-ott-58735/,portal_tracker_2025
Beau Atkinson,EDGE,North Carolina Tar Heels,Ohio State Buckeyes,Committed,0,4.0,91.0,35.0,4.0,2022,2025-04-23T22:43:00,https://on3static.com/uploads/assets/778/440/440778.jpg,https://www.on3.com/db/beau-atkinson-9466/,portal_tracker_2025
Josh Moten,CB,Marshall Thundering Herd,Southern Miss Golden Eagles,Committed,236074,4.0,91.0,36.0,5.0,2020,2024-12-25T17:40:00,https://on3static.com/uploads/assets/234/397/397234.jpg,https://www.on3.com/db/josh-moten-67384/,portal_tracker_2025
Brice Pollock,CB,Mississippi State Bulldogs,Texas Tech Red Raiders,Committed,849752,4.0,91.0,37.0,6.0,2023,2024-12-13T21:49:00,https://on3static.com/uploads/assets/856/222/222856.png,https://www.on3.com/db/brice-pollock-150489/,portal_tracker_2025
Charles Brantley,CB,Michigan State Spartans,Miami Hurricanes,Committed,223722,4.0,91.0,38.0,7.0,2021,2024-12-21T17:00:00,https://on3static.com/uploads/assets/63/235/235063.png,https://www.on3.com/db/charles-brantley-20038/,portal_tracker_2025
Will Heldt,EDGE,Purdue Boilermakers,Clemson Tigers,Committed,993723,4.0,91.0,39.0,5.0,2023,2024-12-19T15:58:00,https://on3static.com/uploads/assets/789/390/390789.jpg,https://www.on3.com/db/will-heldt-151221/,portal_tracker_2025
Josh Thompson,IOL,Northwestern Wildcats,LSU Tigers,Committed,513870,4.0,91.0,40.0,2.0,2021,2024-12-27T15:45:00,https://on3static.com/uploads/assets/71/396/396071.png,https://www.on3.com/db/josh-thompson-67672/,portal_tracker_2025
Corey Robinson II,OT,Georgia Tech Yellow Jackets,Arkansas Razorbacks,Committed,467402,4.0,91.0,41.0,3.0,2021,2024-12-19T10:26:00,https://on3static.com/uploads/assets/578/86/86578.jpg,https://www.on3.com/db/corey-robinson-ii-26300/,portal_tracker_2025
Howard Sampson,OT,North Carolina Tar Heels,Texas Tech Red Raiders,Committed,1290073,4.0,91.0,42.0,4.0,2022,2024-12-18T15:16:00,https://on3static.com/uploads/assets/982/268/268982.png,https://www.on3.com/db/howard-sampson-150534/,portal_tracker_2025
Eric O'Neill,EDGE,James Madison Dukes,Rutgers Scarlet Knights,Committed,468618,4.0,91.0,43.0,6.0,2021,2025-01-01T07:42:00,https://on3static.com/uploads/assets/739/464/464739.png,https://www.on3.com/db/eric-oneill-42304/,portal_tracker_2025
Josiah Trotter,LB,West Virginia Mountaineers,Missouri Tigers,Committed,0,4.0,91.0,44.0,1.0,2023,2024-12-16T17:50:00,https://on3static.com/uploads/assets/328/396/396328.jpg,https://www.on3.com/db/josiah-trotter-68226/,portal_tracker_2025
Justice Haynes,RB,Alabama Crimson Tide,Michigan Wolverines,Committed,799115,4.0,91.0,45.0,4.0,2023,2024-12-24T18:40:00,https://on3static.com/uploads/assets/641/225/225641.jpeg,https://www.on3.com/db/justice-haynes-68957/,portal_tracker_2025
Pat Coogan,IOL,Notre Dame Fighting Irish,Indiana Hoosiers,Committed,0,4.0,91.0,46.0,3.0,2021,2025-01-31T16:58:00,https://on3static.com/uploads/assets/860/235/235860.jpeg,https://www.on3.com/db/pat-coogan-95165/,portal_tracker_2025
Luke Petitbon,IOL,Wake Forest Demon Deacons,Florida State Seminoles,Committed,289170,4.0,91.0,47.0,4.0,2020,2024-12-26T16:51:00,https://on3static.com/uploads/assets/321/396/396321.jpg,https://www.on3.com/db/luke-petitbon-80831/,portal_tracker_2025
Josh Braun,IOL,Arkansas Razorbacks,Kentucky Wildcats,Committed,214339,4.0,91.0,48.0,5.0,2020,2024-12-16T08:47:00,https://on3static.com/uploads/dev/assets/609/9/9609.jpg,https://www.on3.com/db/josh-braun-67839/,portal_tracker_2025
Miller Moss,QB,USC Trojans,Louisville Cardinals,Committed,406946,4.0,91.0,49.0,6.0,2021,2024-12-14T17:15:00,https://on3static.com/uploads/assets/651/94/94651.png,https://www.on3.com/db/miller-moss-89771/,portal_tracker_2025
James Brockermeyer,IOL,TCU Horned Frogs,Miami Hurricanes,Committed,0,4.0,91.0,50.0,6.0,2021,2025-01-03T18:05:00,https://on3static.com/uploads/assets/582/225/225582.jpeg,https://www.on3.com/db/james-brockermeyer-55379/,portal_tracker_2025
CJ Daniels,WR,LSU Tigers,Miami Hurricanes,Committed,212495,4.0,91.0,51.0,10.0,2020,2024-12-18T10:27:00,https://on3static.com/uploads/assets/747/349/349747.jpg,https://www.on3.com/db/cj-daniels-23587/,portal_tracker_2025
Devonte Ross,WR,Troy Trojans,Penn State Nittany Lions,Committed,0,4.0,91.0,52.0,11.0,2021,2024-12-24T11:38:00,https://on3static.com/uploads/assets/694/416/416694.png,https://www.on3.com/db/devonte-ross-36614/,portal_tracker_2025
Quinten Joyner,RB,USC Trojans,Texas Tech Red Raiders,Committed,0,4.0,91.0,53.0,5.0,2023,2024-12-19T16:07:00,https://on3static.com/uploads/assets/940/218/218940.png,https://www.on3.com/db/quinten-joyner-145533/,portal_tracker_2025
Noah Thomas,WR,Texas A&M Aggies,Georgia Bulldogs,Committed,585763,4.0,91.0,54.0,12.0,2022,2025-01-07T16:42:00,https://on3static.com/uploads/assets/762/398/398762.png,https://www.on3.com/db/noah-thomas-93778/,portal_tracker_2025
Derek Simmons,OT,Western Carolina Catamounts,Oklahoma Sooners,Committed,0,4.0,91.0,55.0,5.0,2020,2024-12-19T12:22:00,https://on3static.com/uploads/assets/757/386/386757.jpg,https://www.on3.com/db/derek-simmons-246745/,portal_tracker_2025
Rocco Spindler,IOL,Notre Dame Fighting Irish,Nebraska Cornhuskers,Committed,0,4.0,91.0,56.0,7.0,2021,2025-02-02T14:44:00,https://on3static.com/uploads/assets/942/235/235942.jpeg,https://www.on3.com/db/rocco-spindler-101472/,portal_tracker_2025
Braelin Moore,IOL,Virginia Tech Hokies,LSU Tigers,Committed,788231,4.0,91.0,57.0,8.0,2022,2024-12-21T14:05:00,https://on3static.com/uploads/assets/734/396/396734.jpg,https://www.on3.com/db/braelin-moore-11979/,portal_tracker_2025
Amare Campbell,LB,North Carolina Tar Heels,Penn State Nittany Lions,Committed,245502,4.0,91.0,58.0,2.0,2023,2025-05-06T19:42:00,https://on3static.com/uploads/assets/813/506/506813.png,https://www.on3.com/db/amare-campbell-146629/,portal_tracker_2025
Wayshawn Parker,RB,Washington State Cougars,Utah Utes,Committed,417370,4.0,91.0,59.0,6.0,2024,2024-12-20T11:58:00,https://on3static.com/uploads/assets/733/396/396733.jpg,https://www.on3.com/db/wayshawn-parker-177148/,portal_tracker_2025
Alex Harkey,OT,Texas State Bobcats,Oregon Ducks,Committed,0,4.0,91.0,60.0,6.0,2020,2024-12-18T12:37:00,https://on3static.com/uploads/assets/120/392/392120.jpg,https://www.on3.com/db/alex-harkey-150445/,portal_tracker_2025
David Gusta,DL,Washington State Cougars,Kentucky Wildcats,Committed,262991,4.0,91.0,61.0,2.0,2021,2025-01-04T19:25:00,https://on3static.com/uploads/assets/632/16/16632.jpeg,https://www.on3.com/db/david-gusta-31720/,portal_tracker_2025
De'Zhaun Stribling,WR,Oklahoma State Cowboys,Ole Miss Rebels,Committed,0,4.0,91.0,62.0,13.0,2021,2024-12-17T15:27:00,https://on3static.com/uploads/dev/assets/518/3/3518.jpg,https://www.on3.com/db/dezhaun-stribling-32873/,portal_tracker_2025
Ethan Onianwa,OT,Rice Owls,Ohio State Buckeyes,Committed,666477,4.0,90.0,63.0,7.0,2021,2024-12-24T09:27:00,https://on3static.com/uploads/assets/478/75/75478.jpeg,https://www.on3.com/db/ethan-onianwa-42999/,portal_tracker_2025
Mansoor Delane,CB,Virginia Tech Hokies,LSU Tigers,Committed,0,4.0,90.0,64.0,8.0,2022,2024-12-16T15:37:00,https://on3static.com/uploads/assets/853/86/86853.jpeg,https://www.on3.com/db/mansoor-delane-82201/,portal_tracker_2025
Terrance Carter,TE,Louisiana Ragin Cajuns,Texas Tech Red Raiders,Committed,692375,4.0,90.0,65.0,4.0,2022,2024-12-17T16:54:00,https://on3static.com/uploads/assets/604/391/391604.png,https://www.on3.com/db/terrance-carter-111321/,portal_tracker_2025
Terion Stewart,RB,Bowling Green Falcons,Virginia Tech Hokies,Committed,0,4.0,90.0,66.0,7.0,2020,2024-12-20T11:22:00,https://on3static.com/uploads/assets/345/76/76345.jpeg,https://www.on3.com/db/terion-stewart-111268/,portal_tracker_2025
Rahsul Faison,RB,Utah State Aggies,South Carolina Gamecocks,Committed,0,4.0,90.0,67.0,8.0,2019,2025-01-07T18:06:00,https://on3static.com/uploads/assets/28/399/399028.jpg,https://www.on3.com/db/rahsul-faison-98019/,portal_tracker_2025
Romello Height,EDGE,Georgia Tech Yellow Jackets,Texas Tech Red Raiders,Committed,0,4.0,90.0,68.0,7.0,2020,2024-12-19T12:36:00,https://on3static.com/uploads/assets/171/93/93171.png,https://www.on3.com/db/romello-height-101999/,portal_tracker_2025
James Williams,EDGE,Nebraska Cornhuskers,Florida State Seminoles,Committed,150014,4.0,90.0,69.0,8.0,2022,2024-12-17T17:31:00,https://on3static.com/uploads/assets/336/329/329336.png,https://www.on3.com/db/james-williams-236475/,portal_tracker_2025
Monroe Mills,OT,Louisville Cardinals,Virginia Cavaliers,Committed,611833,4.0,90.0,70.0,8.0,2020,2025-01-10T17:57:00,https://on3static.com/uploads/assets/279/402/402279.png,https://www.on3.com/db/monroe-mills-90175/,portal_tracker_2025
Hunter Zambrano,OT,Illinois State Redbirds,Texas Tech Red Raiders,Committed,240777,4.0,90.0,71.0,9.0,2020,2024-12-11T17:00:00,https://on3static.com/uploads/assets/668/396/396668.jpg,https://www.on3.com/db/hunter-zambrano-48683/,portal_tracker_2025
Jackson Arnold,QB,Oklahoma Sooners,Auburn Tigers,Committed,751904,4.0,90.0,72.0,7.0,2023,2024-12-14T09:27:00,https://on3static.com/uploads/assets/735/342/342735.png,https://www.on3.com/db/jackson-arnold-51487/,portal_tracker_2025
Jimmori Robinson,EDGE,UTSA Roadrunners,West Virginia Mountaineers,Committed,0,4.0,90.0,73.0,9.0,2019,2025-01-17T10:37:00,https://on3static.com/uploads/assets/903/73/73903.jpeg,https://www.on3.com/db/jimmori-robinson-61663/,portal_tracker_2025
Princewill Umanmielen,EDGE,Nebraska Cornhuskers,Ole Miss Rebels,Committed,1409339,4.0,90.0,74.0,10.0,2023,2024-12-14T20:11:00,https://on3static.com/uploads/assets/649/336/336649.png,https://www.on3.com/db/princewill-umanmielen-147578/,portal_tracker_2025
Brandon Cisse,CB,NC State Wolfpack,South Carolina Gamecocks,Committed,0,4.0,90.0,75.0,9.0,2023,2025-01-13T21:29:00,https://on3static.com/uploads/assets/539/225/225539.png,https://www.on3.com/db/brandon-cisse-151561/,portal_tracker_2025
Luke Hasz,TE,Arkansas Razorbacks,Ole Miss Rebels,Committed,0,4.0,90.0,77.0,5.0,2023,2024-12-14T11:47:00,https://on3static.com/uploads/assets/915/303/303915.png,https://www.on3.com/db/luke-hasz-80689/,portal_tracker_2025
Williams Nwaneri,EDGE,Missouri Tigers,Nebraska Cornhuskers,Committed,430970,4.0,90.0,76.0,11.0,2024,2024-12-12T16:09:00,https://on3static.com/uploads/assets/107/394/394107.jpg,https://www.on3.com/db/williams-nwaneri-147169/,portal_tracker_2025
Jordan Shaw,CB,Washington Huskies,Texas A&M Aggies,Committed,0,4.0,90.0,78.0,10.0,2023,2025-01-05T09:32:00,https://on3static.com/uploads/assets/66/267/267066.png,https://www.on3.com/db/jordan-shaw-66007/,portal_tracker_2025
DJ Harvey,CB,San Jose State Spartans,USC Trojans,Committed,185456,4.0,90.0,79.0,11.0,2021,2024-12-14T13:06:00,https://on3static.com/uploads/assets/422/16/16422.jpeg,https://www.on3.com/db/dj-harvey-37301/,portal_tracker_2025
Micah Hudson,WR,Texas A&M Aggies,Texas Tech Red Raiders,Committed,589700,4.0,90.0,80.0,14.0,2024,2025-04-27T15:00:00,https://on3static.com/uploads/assets/115/392/392115.jpg,https://www.on3.com/db/micah-hudson-145743/,portal_tracker_2025
Ja'Keem Jackson,CB,Florida Gators,LSU Tigers,Committed,0,4.0,90.0,81.0,12.0,2023,2024-12-14T08:47:00,https://on3static.com/uploads/assets/130/392/392130.jpg,https://www.on3.com/db/jakeem-jackson-153754/,portal_tracker_2025
Bauer Sharp,TE,Oklahoma Sooners,LSU Tigers,Committed,0,4.0,90.0,82.0,6.0,2021,2024-12-13T12:21:00,https://on3static.com/uploads/assets/326/396/396326.jpg,https://www.on3.com/db/bauer-sharp-210971/,portal_tracker_2025
Jahron Manning,S,Old Dominion Monarchs,Mississippi State Bulldogs,Committed,0,4.0,90.0,83.0,4.0,2022,2024-12-11T15:51:00,https://on3static.com/uploads/assets/954/391/391954.png,https://www.on3.com/db/jahron-manning-245039/,portal_tracker_2025
Zechariah Poyser,S,Jacksonville State Gamecocks,Miami Hurricanes,Committed,175000,4.0,90.0,84.0,5.0,2023,2024-12-17T15:10:00,https://on3static.com/uploads/assets/588/391/391588.png,https://www.on3.com/db/zechariah-poyser-177261/,portal_tracker_2025
Kendal Daniels,S,Oklahoma State Cowboys,Oklahoma Sooners,Committed,174800,4.0,90.0,85.0,6.0,2021,2025-01-06T10:59:00,https://on3static.com/uploads/assets/823/12/12823.jpeg,https://www.on3.com/db/kendal-daniels-72687/,portal_tracker_2025
Andrew Simpson,LB,Boise State Broncos,North Carolina Tar Heels,Committed,0,4.0,90.0,86.0,3.0,2021,2025-05-14T13:12:00,https://on3static.com/uploads/assets/894/470/470894.jpg,https://www.on3.com/db/andrew-simpson-5383/,portal_tracker_2025
Santana Hopper,DL,Appalachian State Mountaineers,Tulane Green Wave,Committed,485587,4.0,90.0,87.0,3.0,2022,2025-01-17T15:13:00,https://on3static.com/uploads/assets/91/170/170091.png,https://www.on3.com/db/santana-hopper-104866/,portal_tracker_2025
Bernard Gooden,DL,USF Bulls,LSU Tigers,Committed,0,4.0,90.0,88.0,4.0,2021,2025-04-26T11:01:00,https://on3static.com/uploads/assets/964/450/450964.png,https://www.on3.com/db/bernard-gooden-10290/,portal_tracker_2025
Mark Gronowski,QB,South Dakota State Jackrabbits,Iowa Hawkeyes,Committed,0,4.0,90.0,89.0,8.0,2020,2025-01-07T16:48:00,https://on3static.com/uploads/assets/341/491/491341.jpg,https://www.on3.com/db/mark-gronowski-83415/,portal_tracker_2025
Devon Dampier,QB,New Mexico Lobos,Utah Utes,Committed,739552,4.0,90.0,90.0,9.0,2023,2024-12-11T18:01:00,https://on3static.com/uploads/assets/323/396/396323.jpg,https://www.on3.com/db/devon-dampier-36365/,portal_tracker_2025
Fluff Bothwell,RB,South Alabama Jaguars,Mississippi State Bulldogs,Committed,348807,4.0,90.0,91.0,9.0,2024,2024-12-24T18:27:00,https://on3static.com/uploads/assets/114/392/392114.jpg,https://www.on3.com/db/fluff-bothwell-179793/,portal_tracker_2025
Trebor Pena,WR,Syracuse Orange,Penn State Nittany Lions,Committed,0,4.0,90.0,92.0,15.0,2020,2025-04-26T10:35:00,https://on3static.com/uploads/assets/805/506/506805.png,https://www.on3.com/db/trebor-pena-115152/,portal_tracker_2025
Eric Rivers,WR,FIU Golden Panthers,Georgia Tech Yellow Jackets,Committed,0,4.0,90.0,93.0,16.0,2021,2024-12-18T19:03:00,https://on3static.com/uploads/assets/681/388/388681.png,https://www.on3.com/db/eric-rivers-42360/,portal_tracker_2025
Chris Murray,DL,Sam Houston State Bearkats,Auburn Tigers,Committed,0,4.0,90.0,94.0,5.0,2021,2025-01-05T19:39:00,https://on3static.com/uploads/assets/921/12/12921.jpeg,https://www.on3.com/db/chris-murray-22200/,portal_tracker_2025
Elo Modozie,LB,Army Black Knights,Georgia Bulldogs,Committed,0,4.0,90.0,95.0,4.0,2022,2025-04-20T19:17:00,https://on3static.com/uploads/assets/356/440/440356.png,https://www.on3.com/db/elo-modozie-250623/,portal_tracker_2025
Ben Bell,EDGE,Texas State Bobcats,Virginia Tech Hokies,Committed,0,4.0,90.0,96.0,12.0,2020,2025-01-16T17:46:00,https://on3static.com/uploads/assets/948/391/391948.png,https://www.on3.com/db/ben-bell-9612/,portal_tracker_2025
Joe Cotton,OT,South Dakota Coyotes,Cincinnati Bearcats,Committed,330579,4.0,90.0,97.0,10.0,2022,2025-04-18T20:28:00,https://on3static.com/uploads/assets/916/437/437916.png,https://www.on3.com/db/joe-cotton-250547/,portal_tracker_2025
Emmanuel Pregnon,IOL,USC Trojans,Oregon Ducks,Committed,461503,4.0,90.0,98.0,9.0,2020,2025-01-14T10:01:00,https://on3static.com/uploads/assets/958/218/218958.png,https://www.on3.com/db/emmanuel-pregnon-146036/,portal_tracker_2025
Jaron-Keawe Sagapolutele,QB,Oregon Ducks,California Golden Bears,Committed,1811056,4.0,90.0,99.0,10.0,2025,2025-01-05T13:22:00,https://on3static.com/uploads/assets/779/365/365779.jpg,https://www.on3.com/db/jaron-keawe-sagapolutele-158482/,portal_tracker_2025
Luke Kromenhoek,QB,Florida State Seminoles,Mississippi State Bulldogs,Committed,0,4.0,90.0,100.0,11.0,2024,2024-12-17T11:45:00,https://on3static.com/uploads/assets/117/392/392117.jpg,https://www.on3.com/db/luke-kromenhoek-151843/,portal_tracker_2025
Daniel King,OT,Troy Trojans,North Carolina Tar Heels,Committed,0,4.0,90.0,101.0,11.0,2019,2025-01-18T16:13:00,https://on3static.com/uploads/assets/979/470/470979.png,https://www.on3.com/db/daniel-king-29293/,portal_tracker_2025
Wendell Moe,IOL,Arizona Wildcats,Tennessee Volunteers,Committed,389689,4.0,90.0,102.0,10.0,2022,2024-12-18T10:20:00,https://on3static.com/uploads/assets/121/392/392121.jpg,https://www.on3.com/db/wendell-moe-147404/,portal_tracker_2025
Cash Cleveland,IOL,Colorado Buffaloes,Texas Tech Red Raiders,Committed,0,4.0,90.0,103.0,11.0,2024,2025-04-24T16:35:00,https://on3static.com/uploads/assets/827/333/333827.png,https://www.on3.com/db/cash-cleveland-19139/,portal_tracker_2025
Tyler Mercer,IOL,North Texas Mean Green,Kansas Jayhawks,Committed,0,4.0,90.0,104.0,12.0,2024,2024-12-17T17:43:00,https://on3static.com/uploads/assets/122/392/392122.jpg,https://www.on3.com/db/tyler-mercer-174605/,portal_tracker_2025
Dashawn Womack,EDGE,LSU Tigers,Ole Miss Rebels,Committed,206153,4.0,90.0,105.0,13.0,2023,2024-12-12T12:53:00,https://on3static.com/uploads/assets/154/392/392154.jpg,https://www.on3.com/db/dashawn-womack-31247/,portal_tracker_2025
Patrick Payton,EDGE,Florida State Seminoles,LSU Tigers,Committed,233150,4.0,90.0,106.0,14.0,2021,2024-12-22T11:21:00,https://on3static.com/uploads/assets/227/242/242227.jpeg,https://www.on3.com/db/patrick-payton-95523/,portal_tracker_2025
Addison Nichols,IOL,Arkansas Razorbacks,SMU Mustangs,Committed,584035,4.0,90.0,107.0,13.0,2022,2024-12-18T21:59:00,https://on3static.com/uploads/assets/234/226/226234.jpeg,https://www.on3.com/db/addison-nichols-1471/,portal_tracker_2025
Jalen Catalon,S,UNLV Rebels,Missouri Tigers,Committed,0,4.0,90.0,108.0,7.0,2019,2025-01-05T10:27:00,https://on3static.com/uploads/assets/5/202/202005.png,https://www.on3.com/db/jalen-catalon-54195/,portal_tracker_2025
Raion Strader,CB,Miami (OH) RedHawks,Auburn Tigers,Committed,0,4.0,90.0,109.0,13.0,2023,2024-12-16T14:06:00,https://on3static.com/uploads/assets/335/396/396335.jpg,https://www.on3.com/db/raion-strader-155683/,portal_tracker_2025
Keeshawn Silver,DL,Kentucky Wildcats,USC Trojans,Committed,115295,4.0,90.0,110.0,6.0,2021,2024-12-19T13:27:00,https://on3static.com/uploads/dev/assets/113/10/10113.jpg,https://www.on3.com/db/keeshawn-silver-71916/,portal_tracker_2025
Reggie Virgil,WR,Miami (OH) RedHawks,Texas Tech Red Raiders,Committed,329589,4.0,90.0,111.0,17.0,2022,2024-12-13T23:29:00,https://on3static.com/uploads/assets/602/391/391602.png,https://www.on3.com/db/reggie-virgil-146238/,portal_tracker_2025
Emmett Mosley,WR,Stanford Cardinal,Texas Longhorns,Committed,0,4.0,90.0,112.0,18.0,2024,2025-04-14T16:39:00,https://on3static.com/uploads/assets/429/436/436429.jpg,https://www.on3.com/db/emmett-mosley-41839/,portal_tracker_2025
Jordan Dwyer,WR,Idaho Vandals,TCU Horned Frogs,Committed,285000,4.0,90.0,113.0,19.0,2022,2024-12-22T08:32:00,https://on3static.com/uploads/assets/730/396/396730.jpg,https://www.on3.com/db/jordan-dwyer-65420/,portal_tracker_2025
Malachi Bailey,EDGE,Alcorn State Braves,Arizona Wildcats,Committed,0,4.0,90.0,114.0,15.0,2020,2025-01-16T17:09:00,https://on3static.com/uploads/assets/324/405/405324.png,https://www.on3.com/db/malachi-bailey-248617/,portal_tracker_2025
Bradley Weaver,EDGE,Ohio Bobcats,Rutgers Scarlet Knights,Committed,0,4.0,90.0,115.0,16.0,2021,2025-01-08T13:17:00,https://on3static.com/uploads/assets/738/464/464738.png,https://www.on3.com/db/bradley-weaver-11821/,portal_tracker_2025
Sincere Edwards,EDGE,Pittsburgh Panthers,UCF Knights,Committed,0,4.0,90.0,116.0,17.0,2024,2025-01-02T12:17:00,https://on3static.com/uploads/assets/683/564/564683.PNG,https://www.on3.com/db/sincere-edwards-107539/,portal_tracker_2025
Brad Spence,LB,Arkansas Razorbacks,Texas Longhorns,Committed,0,4.0,90.0,117.0,5.0,2023,2024-12-16T09:16:00,https://on3static.com/uploads/assets/935/303/303935.png,https://www.on3.com/db/brad-spence-149721/,portal_tracker_2025
James Djonkam,LB,Eastern Michigan Eagles,Virginia Tech Hokies,Committed,0,4.0,90.0,118.0,6.0,2021,2025-01-06T20:40:00,https://on3static.com/uploads/assets/982/396/396982.jpg,https://www.on3.com/db/james-djonkam-147886/,portal_tracker_2025
AJ Turner,RB,Marshall Thundering Herd,Minnesota Golden Gophers,Committed,0,4.0,90.0,119.0,10.0,2022,2024-12-15T14:36:00,https://on3static.com/uploads/assets/724/402/402724.png,https://www.on3.com/db/aj-turner-6643/,portal_tracker_2025
Ismail Mahdi,RB,Texas State Bobcats,Arizona Wildcats,Committed,229664,4.0,90.0,120.0,11.0,2022,2024-12-21T12:09:00,https://on3static.com/uploads/assets/319/396/396319.jpg,https://www.on3.com/db/ismail-mahdi-50018/,portal_tracker_2025
CJ Donaldson,RB,West Virginia Mountaineers,Ohio State Buckeyes,Committed,0,4.0,90.0,121.0,12.0,2022,2024-12-23T15:09:00,https://on3static.com/uploads/assets/801/85/85801.jpeg,https://www.on3.com/db/cj-donaldson-32785/,portal_tracker_2025
Skyler Gill-Howard,DL,Northern Illinois Huskies,Texas Tech Red Raiders,Committed,0,4.0,90.0,122.0,7.0,2021,2024-12-14T17:03:00,https://on3static.com/uploads/assets/123/392/392123.jpg,https://www.on3.com/db/skyler-gill-howard-107715/,portal_tracker_2025
Jared Dawson,DL,Louisville Cardinals,Notre Dame Fighting Irish,Committed,0,4.0,90.0,123.0,8.0,2020,2025-01-11T14:30:00,https://on3static.com/uploads/assets/56/403/403056.png,https://www.on3.com/db/jared-dawson-56605/,portal_tracker_2025
Nikhai Hill-Green,LB,Colorado Buffaloes,Alabama Crimson Tide,Committed,151204,4.0,90.0,124.0,7.0,2020,2024-12-21T19:29:00,https://on3static.com/uploads/dev/assets/953/6/6953.jpg,https://www.on3.com/db/nikhai-hill-green-93353/,portal_tracker_2025
Matthew McDoom,CB,Coastal Carolina Chanticleers,Cincinnati Bearcats,Committed,0,4.0,90.0,125.0,14.0,2022,2024-12-13T11:52:00,https://on3static.com/uploads/assets/502/392/392502.png,https://www.on3.com/db/matthew-mcdoom-86137/,portal_tracker_2025
Jayden Bellamy,CB,Syracuse Orange,UCF Knights,Committed,206233,4.0,90.0,127.0,16.0,2022,2024-12-27T11:21:00,https://on3static.com/uploads/assets/712/564/564712.PNG,https://www.on3.com/db/jayden-bellamy-58606/,portal_tracker_2025
Jaylon Braxton,CB,Arkansas Razorbacks,Ole Miss Rebels,Committed,134019,4.0,90.0,126.0,15.0,2023,2024-12-13T22:36:00,https://on3static.com/uploads/assets/178/66/66178.png,https://www.on3.com/db/jaylon-braxton-59085/,portal_tracker_2025
Michael Coats,CB,Nevada Wolf Pack,West Virginia Mountaineers,Committed,0,4.0,90.0,128.0,17.0,2021,2025-01-09T13:19:00,https://on3static.com/uploads/assets/127/404/404127.png,https://www.on3.com/db/michael-coats-174604/,portal_tracker_2025
Ethan O'Connor,CB,Washington State Cougars,Miami Hurricanes,Committed,484027,4.0,90.0,129.0,18.0,2023,2025-01-04T16:04:00,https://on3static.com/uploads/assets/318/396/396318.jpg,https://www.on3.com/db/ethan-oconnor-42998/,portal_tracker_2025
Dontay Joyner,CB,Arkansas State Red Wolves,Maryland Terrapins,Committed,579956,4.0,90.0,130.0,19.0,2023,2024-12-21T14:08:00,https://on3static.com/uploads/assets/116/392/392116.jpg,https://www.on3.com/db/dontay-joyner-145678/,portal_tracker_2025
Kaidon Salter,QB,Liberty Flames,Colorado Buffaloes,Committed,0,4.0,90.0,131.0,12.0,2021,2024-12-18T12:54:00,https://on3static.com/uploads/assets/749/15/15749.jpeg,https://www.on3.com/db/kaidon-salter-70571/,portal_tracker_2025
Maraad Watson,DL,Syracuse Orange,Texas Longhorns,Committed,0,4.0,90.0,132.0,9.0,2024,2025-04-22T16:22:00,https://on3static.com/uploads/assets/128/442/442128.png,https://www.on3.com/db/maraad-watson-235834/,portal_tracker_2025
Cameron Calhoun,CB,Utah Utes,Alabama Crimson Tide,Committed,209076,4.0,90.0,133.0,20.0,2023,2024-12-18T16:24:00,https://on3static.com/uploads/assets/404/271/271404.png,https://www.on3.com/db/cameron-calhoun-151067/,portal_tracker_2025
Mohamed Toure,LB,Rutgers Scarlet Knights,Miami Hurricanes,Committed,0,4.0,90.0,134.0,8.0,2019,2025-05-09T12:53:00,https://on3static.com/uploads/dev/assets/952/9/9952.jpg,https://www.on3.com/db/mohamed-toure-90115/,portal_tracker_2025
Air Noland,QB,Ohio State Buckeyes,South Carolina Gamecocks,Committed,0,4.0,90.0,135.0,13.0,2024,2024-12-23T17:40:00,https://on3static.com/uploads/assets/330/396/396330.jpg,https://www.on3.com/db/air-noland-151588/,portal_tracker_2025
Xavier Hill,OT,Memphis Tigers,Colorado Buffaloes,Committed,0,4.0,90.0,136.0,12.0,2020,2025-04-12T13:07:00,https://on3static.com/uploads/assets/181/438/438181.jpg,https://www.on3.com/db/xavier-hill-122038/,portal_tracker_2025
Javonnie Gibson,WR,Arkansas-Pine Bluff Golden Lions,Oklahoma Sooners,Committed,0,4.0,90.0,137.0,20.0,2022,2024-12-18T13:11:00,https://on3static.com/uploads/assets/728/386/386728.png,https://www.on3.com/db/javonnie-gibson-58204/,portal_tracker_2025
Caleb Odom,WR,Alabama Crimson Tide,Ole Miss Rebels,Committed,519333,4.0,90.0,138.0,21.0,2024,2024-12-18T20:24:00,https://on3static.com/uploads/assets/108/394/394108.jpg,https://www.on3.com/db/caleb-odom-147670/,portal_tracker_2025
Nyziah Hunter,WR,California Golden Bears,Nebraska Cornhuskers,Committed,175019,4.0,90.0,139.0,22.0,2023,2024-12-19T16:52:00,https://on3static.com/uploads/assets/51/393/393051.jpg,https://www.on3.com/db/nyziah-hunter-148025/,portal_tracker_2025
Mario Craver,WR,Mississippi State Bulldogs,Texas A&M Aggies,Committed,1040610,4.0,90.0,140.0,23.0,2024,2024-12-17T12:30:00,https://on3static.com/uploads/assets/266/332/332266.png,https://www.on3.com/db/mario-craver-150238/,portal_tracker_2025
Colin Weber,TE,Charlotte 49ers,Rutgers Scarlet Knights,Committed,137750,4.0,90.0,141.0,7.0,2021,2024-12-21T12:25:00,https://on3static.com/uploads/assets/222/464/464222.jpg,https://www.on3.com/db/colin-weber-25106/,portal_tracker_2025
Mi'Quise Humphrey-Grace,EDGE,South Dakota Coyotes,Kentucky Wildcats,Committed,0,4.0,90.0,142.0,18.0,2022,2025-01-12T18:03:00,https://on3static.com/uploads/assets/750/396/396750.png,https://www.on3.com/db/miquise-humphrey-grace-89819/,portal_tracker_2025
Jordan Scruggs,CB,South Alabama Jaguars,West Virginia Mountaineers,Committed,0,4.0,90.0,143.0,21.0,2021,2024-12-22T21:35:00,https://on3static.com/uploads/assets/956/349/349956.jpg,https://www.on3.com/db/jordan-scruggs-238026/,portal_tracker_2025
Devonta Smith,CB,Alabama Crimson Tide,Notre Dame Fighting Irish,Committed,0,4.0,90.0,144.0,22.0,2021,2024-12-16T14:41:00,https://on3static.com/uploads/assets/812/225/225812.jpeg,https://www.on3.com/db/devonta-smith-36523/,portal_tracker_2025
T.J. Metcalf,S,Arkansas Razorbacks,Michigan Wolverines,Committed,129021,4.0,90.0,145.0,8.0,2023,2024-12-16T18:47:00,https://on3static.com/uploads/assets/920/583/583920.png,https://www.on3.com/db/tj-metcalf-113126/,portal_tracker_2025
Brady Wilson,IOL,UAB Blazers,Virginia Cavaliers,Committed,0,4.0,90.0,146.0,14.0,2020,2024-12-19T19:33:00,https://on3static.com/uploads/assets/815/89/89815.JPG,https://www.on3.com/db/brady-wilson-11936/,portal_tracker_2025
Eli Sanders,RB,New Mexico Lobos,USC Trojans,Committed,0,4.0,90.0,147.0,13.0,2021,2024-12-18T14:03:00,https://on3static.com/uploads/assets/820/15/15820.jpeg,https://www.on3.com/db/eli-sanders-40990/,portal_tracker_2025
Alex McLaughlin,S,Northern Arizona Lumberjacks,Washington Huskies,Committed,354121,4.0,90.0,148.0,9.0,2023,2024-12-17T14:44:00,https://on3static.com/uploads/assets/426/392/392426.jpg,https://www.on3.com/db/alex-mclaughlin-156034/,portal_tracker_2025
Nic Anderson,WR,Oklahoma Sooners,LSU Tigers,Committed,471616,4.0,90.0,23.0,4.0,2022,2024-12-17T20:01:00,https://on3static.com/uploads/assets/154/86/86154.jpeg,https://www.on3.com/db/nic-anderson-92095/,portal_tracker_2025
Brady Norton,IOL,Cal Poly Mustangs,Michigan Wolverines,Committed,380746,4.0,90.0,149.0,15.0,2023,2024-12-16T19:23:00,https://on3static.com/uploads/assets/322/396/396322.jpg,https://www.on3.com/db/brady-norton-156570/,portal_tracker_2025
Jon Mitchell,CB,Penn State Nittany Lions,Georgia Tech Yellow Jackets,Committed,0,4.0,90.0,150.0,23.0,2024,2025-04-18T20:01:00,https://on3static.com/uploads/assets/661/345/345661.png,https://www.on3.com/db/jon-mitchell-147666/,portal_tracker_2025
Tarrion Grant,CB,Purdue Boilermakers,Texas Tech Red Raiders,Committed,0,4.0,90.0,151.0,24.0,2024,2024-12-18T16:04:00,https://on3static.com/uploads/assets/325/396/396325.jpg,https://www.on3.com/db/tarrion-grant-152285/,portal_tracker_2025
Kanye Udoh,RB,Army Black Knights,Arizona State Sun Devils,Committed,0,4.0,90.0,152.0,14.0,2022,2024-12-21T12:10:00,https://on3static.com/uploads/assets/225/472/472225.jpg,https://www.on3.com/db/kanye-udoh-71193/,portal_tracker_2025
Billy Edwards Jr.,QB,Maryland Terrapins,Wisconsin Badgers,Committed,0,4.0,90.0,153.0,14.0,2021,2024-12-16T18:59:00,https://on3static.com/uploads/assets/458/16/16458.jpeg,https://www.on3.com/db/billy-edwards-jr-10463/,portal_tracker_2025
Cole Brevard,DL,Purdue Boilermakers,Texas Longhorns,Committed,0,3.0,89.0,154.0,10.0,2020,2024-12-14T13:49:00,https://on3static.com/uploads/assets/242/397/397242.jpg,https://www.on3.com/db/cole-brevard-24621/,portal_tracker_2025
Walker White,QB,Auburn Tigers,Baylor Bears,Committed,118051,3.0,89.0,155.0,15.0,2024,2024-12-28T13:09:00,https://on3static.com/uploads/assets/608/303/303608.png,https://www.on3.com/db/walker-white-150911/,portal_tracker_2025
Chandler Morris,QB,North Texas Mean Green,Virginia Cavaliers,Committed,0,3.0,89.0,156.0,16.0,2020,2024-12-16T12:27:00,https://on3static.com/uploads/dev/assets/732/7/7732.jpg,https://www.on3.com/db/chandler-morris-19920/,portal_tracker_2025
Xe'ree Alexander,LB,UCF Knights,Washington Huskies,Committed,0,3.0,89.0,157.0,9.0,2023,2024-12-21T21:14:00,https://on3static.com/uploads/assets/451/394/394451.png,https://www.on3.com/db/xeree-alexander-122246/,portal_tracker_2025
Andrew Jones,LB,Grambling State Tigers,Ole Miss Rebels,Committed,0,3.0,89.0,158.0,10.0,2021,2024-12-20T18:09:00,https://on3static.com/uploads/assets/901/183/183901.jpeg,https://www.on3.com/db/andrew-jones-145214/,portal_tracker_2025
Micah Pettus,OT,Ole Miss Rebels,Florida State Seminoles,Committed,220391,3.0,89.0,159.0,13.0,2021,2024-12-24T12:02:00,https://on3static.com/uploads/assets/720/15/15720.jpeg,https://www.on3.com/db/micah-pettus-87206/,portal_tracker_2025
Caleb Weaver,S,Sam Houston State Bearkats,Duke Blue Devils,Committed,0,3.0,89.0,160.0,10.0,2021,2024-12-21T15:50:00,https://on3static.com/uploads/assets/248/397/397248.jpg,https://www.on3.com/db/caleb-weaver-17239/,portal_tracker_2025
CJ Heard,S,Florida Atlantic Owls,Vanderbilt Commodores,Committed,0,3.0,89.0,161.0,11.0,2024,2024-12-19T19:31:00,https://on3static.com/uploads/assets/124/392/392124.jpg,https://www.on3.com/db/cj-heard-23613/,portal_tracker_2025
Khmori House,LB,Washington Huskies,North Carolina Tar Heels,Committed,0,3.0,89.0,162.0,11.0,2024,2024-12-21T16:14:00,https://on3static.com/uploads/assets/30/465/465030.png,https://www.on3.com/db/khmori-house-155378/,portal_tracker_2025
Mikai Gbayor,LB,Missouri Tigers,North Carolina Tar Heels,Committed,0,3.0,89.0,163.0,12.0,2021,2025-04-16T12:53:00,https://on3static.com/uploads/assets/25/465/465025.png,https://www.on3.com/db/mikai-gbayor-88702/,portal_tracker_2025
Josh McCray,RB,Illinois Fighting Illini,Georgia Bulldogs,Committed,0,3.0,89.0,164.0,15.0,2021,2025-04-20T19:19:00,https://on3static.com/uploads/assets/941/15/15941.jpeg,https://www.on3.com/db/josh-mccray-67340/,portal_tracker_2025
Jaivian Thomas,RB,California Golden Bears,UCLA Bruins,Committed,0,3.0,89.0,165.0,16.0,2023,2025-04-25T14:58:00,https://on3static.com/uploads/assets/894/442/442894.png,https://www.on3.com/db/jaivian-thomas-53229/,portal_tracker_2025
Marquise Henderson,RB,Clemson Tigers,Liberty Flames,Entered,103534,3.0,89.0,166.0,17.0,2025,2025-06-20T17:02:00,https://on3static.com/uploads/assets/203/458/458203.png,https://www.on3.com/db/marquise-henderson-158858/,portal_tracker_2025
Julian Humphrey,CB,Georgia Bulldogs,Texas A&M Aggies,Committed,186679,3.0,89.0,167.0,25.0,2022,2024-12-15T07:17:00,https://on3static.com/uploads/assets/126/392/392126.jpg,https://www.on3.com/db/julian-humphrey-144371/,portal_tracker_2025
Brent Austin,CB,USF Bulls,California Golden Bears,Committed,0,3.0,89.0,168.0,26.0,2022,2025-05-02T10:33:00,https://on3static.com/uploads/assets/98/443/443098.png,https://www.on3.com/db/brent-austin-196945/,portal_tracker_2025
Joseph Williams,WR,Tulsa Golden Hurricane,Colorado Buffaloes,Committed,0,3.0,89.0,169.0,24.0,2024,2024-12-22T12:18:00,https://on3static.com/uploads/assets/241/397/397241.jpg,https://www.on3.com/db/joseph-williams-150665/,portal_tracker_2025
Michael Van Buren,QB,Mississippi State Bulldogs,LSU Tigers,Committed,306712,3.0,89.0,170.0,17.0,2024,2024-12-15T12:04:00,https://on3static.com/uploads/assets/337/396/396337.jpg,https://www.on3.com/db/michael-van-buren-149593/,portal_tracker_2025
Amarion Fortenberry,CB,South Alabama Jaguars,Kansas State Wildcats,Committed,0,3.0,89.0,171.0,27.0,2024,2025-01-04T12:49:00,https://on3static.com/uploads/assets/339/396/396339.jpg,https://www.on3.com/db/amarion-fortenberry-180592/,portal_tracker_2025
Bishop Fitzgerald,S,NC State Wolfpack,USC Trojans,Committed,0,3.0,89.0,172.0,12.0,2021,2025-01-14T17:04:00,https://on3static.com/uploads/assets/535/225/225535.png,https://www.on3.com/db/bishop-fitzgerald-162593/,portal_tracker_2025
Gregory Smith,S,Florida Gators,North Carolina Tar Heels,Committed,0,3.0,89.0,173.0,13.0,2024,2025-05-07T13:11:00,https://on3static.com/uploads/assets/48/465/465048.png,https://www.on3.com/db/gregory-smith-179247/,portal_tracker_2025
Cole Wisniewski,S,North Dakota State Bison,Texas Tech Red Raiders,Committed,0,3.0,89.0,174.0,14.0,2020,2024-12-11T22:12:00,https://on3static.com/uploads/assets/848/388/388848.jpg,https://www.on3.com/db/cole-wisniewski-24922/,portal_tracker_2025
Isaiah Horton,WR,Miami Hurricanes,Alabama Crimson Tide,Committed,186323,3.0,89.0,175.0,25.0,2022,2024-12-21T17:40:00,https://on3static.com/uploads/assets/512/222/222512.jpg,https://www.on3.com/db/isaiah-horton-144190/,portal_tracker_2025
Harrison Wallace,WR,Penn State Nittany Lions,Ole Miss Rebels,Committed,0,3.0,89.0,176.0,26.0,2021,2025-01-19T14:50:00,https://on3static.com/uploads/assets/831/12/12831.jpeg,https://www.on3.com/db/harrison-wallace-47640/,portal_tracker_2025
Kobe Prentice,WR,Alabama Crimson Tide,Baylor Bears,Committed,0,3.0,89.0,177.0,27.0,2022,2024-12-17T12:03:00,https://on3static.com/uploads/assets/776/225/225776.jpeg,https://www.on3.com/db/kobe-prentice-75570/,portal_tracker_2025
Kyran Duhon,DL,UTEP Miners,Oklahoma State Cowboys,Committed,0,3.0,89.0,178.0,11.0,2024,2024-12-20T11:01:00,https://on3static.com/uploads/assets/332/396/396332.jpg,https://www.on3.com/db/kyran-duhon-157900/,portal_tracker_2025
Jayshawn Ross,EDGE,Alabama Crimson Tide,Kansas State Wildcats,Committed,112622,3.0,89.0,179.0,19.0,2024,2025-01-07T13:31:00,https://on3static.com/uploads/assets/745/399/399745.jpg,https://www.on3.com/db/jayshawn-ross-147685/,portal_tracker_2025
Amari Jefferson,WR,Alabama Crimson Tide,Tennessee Volunteers,Committed,0,3.0,89.0,180.0,28.0,2024,2025-01-07T11:56:00,https://on3static.com/uploads/assets/656/211/211656.jpg,https://www.on3.com/db/amari-jefferson-151580/,portal_tracker_2025
Dayon Hayes,EDGE,Colorado Buffaloes,Texas A&M Aggies,Committed,0,3.0,89.0,181.0,20.0,2020,2024-12-20T22:50:00,https://on3static.com/uploads/dev/assets/970/9/9970.jpg,https://www.on3.com/db/dayon-hayes-32674/,portal_tracker_2025
O'Mega Blake,WR,Charlotte 49ers,Arkansas Razorbacks,Committed,0,3.0,89.0,182.0,29.0,2021,2024-12-24T10:44:00,https://on3static.com/uploads/assets/95/257/257095.jpg,https://www.on3.com/db/omega-blake-94084/,portal_tracker_2025
Randy Pittman,TE,UCF Knights,Florida State Seminoles,Committed,0,3.0,89.0,183.0,8.0,2023,2024-12-21T13:16:00,https://on3static.com/uploads/assets/314/392/392314.png,https://www.on3.com/db/randy-pittman-98357/,portal_tracker_2025
NiJhay Burt,CB,Eastern Illinois Panthers,Michigan State Spartans,Committed,0,3.0,89.0,184.0,28.0,2022,2024-12-20T14:15:00,https://on3static.com/uploads/assets/227/484/484227.jpg,https://www.on3.com/db/nijhay-burt-247291/,portal_tracker_2025
Marcellus Barnes,CB,Syracuse Orange,SMU Mustangs,Committed,0,3.0,89.0,185.0,29.0,2024,2025-01-10T15:15:00,https://on3static.com/uploads/assets/110/394/394110.jpg,https://www.on3.com/db/marcellus-barnes-158886/,portal_tracker_2025
Jordan Young,CB,Cincinnati Bearcats,Arkansas Razorbacks,Committed,0,3.0,89.0,186.0,30.0,2021,2024-12-21T12:38:00,https://on3static.com/uploads/assets/343/396/396343.jpg,https://www.on3.com/db/jordan-young-66264/,portal_tracker_2025
JoJo Evans,S,FIU Golden Panthers,Louisville Cardinals,Committed,0,3.0,89.0,187.0,15.0,2019,2024-12-19T13:09:00,https://on3static.com/uploads/assets/818/138/138818.jpeg,https://www.on3.com/db/jojo-evans-150076/,portal_tracker_2025
Marvin Jones Jr.,EDGE,Florida State Seminoles,Oklahoma Sooners,Committed,148605,3.0,89.0,188.0,21.0,2022,2025-01-05T19:41:00,https://on3static.com/uploads/assets/128/392/392128.jpg,https://www.on3.com/db/marvin-jones-jr-144981/,portal_tracker_2025
Nate Johnson,EDGE,Appalachian State Mountaineers,Missouri Tigers,Committed,387953,3.0,89.0,189.0,22.0,2023,2024-12-21T09:56:00,https://on3static.com/uploads/assets/719/584/584719.png,https://www.on3.com/db/nate-johnson-157433/,portal_tracker_2025
Wendell Gregory,EDGE,South Carolina Gamecocks,Oklahoma State Cowboys,Committed,495897,3.0,89.0,190.0,23.0,2024,2025-04-17T17:08:00,https://on3static.com/uploads/assets/511/303/303511.png,https://www.on3.com/db/wendell-gregory-151769/,portal_tracker_2025
Gio Lopez,QB,South Alabama Jaguars,North Carolina Tar Heels,Committed,0,3.0,89.0,191.0,18.0,2023,2025-04-17T20:11:00,https://on3static.com/uploads/assets/922/470/470922.jpg,https://www.on3.com/db/gio-lopez-153824/,portal_tracker_2025
Patrick Kutas,IOL,Arkansas Razorbacks,Ole Miss Rebels,Committed,232149,3.0,89.0,192.0,16.0,2022,2024-12-13T09:45:00,https://on3static.com/uploads/assets/970/303/303970.png,https://www.on3.com/db/patrick-kutas-95436/,portal_tracker_2025
Dorian Fleming,TE,Georgia State Panthers,Maryland Terrapins,Committed,0,3.0,89.0,193.0,9.0,2023,2024-12-21T10:42:00,https://on3static.com/uploads/assets/106/394/394106.jpg,https://www.on3.com/db/dorian-fleming-157259/,portal_tracker_2025
Ta'ita'i Uiagalelei,EDGE,Arizona Wildcats,Washington Huskies,Committed,0,3.0,89.0,194.0,24.0,2022,2024-12-21T18:26:00,https://on3static.com/uploads/assets/341/396/396341.jpg,https://www.on3.com/db/taitai-uiagalelei-147098/,portal_tracker_2025
Terry Webb,DL,Texas State Bobcats,SMU Mustangs,Committed,0,3.0,89.0,195.0,12.0,2021,2025-01-11T01:07:00,https://on3static.com/uploads/assets/238/397/397238.jpg,https://www.on3.com/db/terry-webb-162391/,portal_tracker_2025
Adrian Maddox,S,UAB Blazers,Georgia Bulldogs,Committed,0,3.0,89.0,196.0,16.0,2022,2025-01-07T13:55:00,https://on3static.com/uploads/assets/212/276/276212.png,https://www.on3.com/db/adrian-maddox-239678/,portal_tracker_2025
Will O'Steen,OT,Jacksonville State Gamecocks,North Carolina Tar Heels,Committed,0,3.0,89.0,197.0,14.0,2020,2025-04-29T11:18:00,https://on3static.com/uploads/assets/967/470/470967.jpg,https://www.on3.com/db/will-osteen-120963/,portal_tracker_2025
Lajuan Owens,IOL,New Mexico Lobos,California Golden Bears,Committed,0,3.0,89.0,198.0,17.0,2023,2024-12-21T22:23:00,https://on3static.com/uploads/assets/805/390/390805.jpg,https://www.on3.com/db/lajuan-owens-77549/,portal_tracker_2025
Isaiah Cash,S,Sam Houston State Bearkats,Virginia Tech Hokies,Committed,0,3.0,89.0,199.0,17.0,2020,2024-12-26T11:27:00,https://on3static.com/uploads/assets/345/396/396345.jpg,https://www.on3.com/db/isaiah-cash-49411/,portal_tracker_2025
Tyson Flowers,S,Rice Owls,Virginia Tech Hokies,Committed,107527,3.0,89.0,200.0,18.0,2022,2024-12-21T16:02:00,https://on3static.com/uploads/assets/358/90/90358.jpg,https://www.on3.com/db/tyson-flowers-119020/,portal_tracker_2025
Hudson Clement,WR,West Virginia Mountaineers,Illinois Fighting Illini,Committed,0,3.0,89.0,201.0,30.0,2022,2025-01-02T11:47:00,https://on3static.com/uploads/assets/347/396/396347.jpg,https://www.on3.com/db/hudson-clement-164228/,portal_tracker_2025
Dylan Wade,TE,Maryland Terrapins,UCF Knights,Committed,580985,3.0,89.0,202.0,10.0,2023,2024-12-23T13:19:00,https://on3static.com/uploads/assets/652/564/564652.PNG,https://www.on3.com/db/dylan-wade-150733/,portal_tracker_2025
Harrison Taggart,LB,BYU Cougars,California Golden Bears,Committed,0,3.0,89.0,203.0,13.0,2022,2025-05-01T19:42:00,https://on3static.com/uploads/assets/918/93/93918.jpeg,https://www.on3.com/db/harrison-taggart-47633/,portal_tracker_2025
Omari Kelly,WR,Middle Tennessee State Blue Raiders,Michigan State Spartans,Committed,0,3.0,89.0,204.0,31.0,2022,2024-12-15T12:04:00,https://on3static.com/uploads/assets/365/440/440365.png,https://www.on3.com/db/omari-kelly-94446/,portal_tracker_2025
Qua Moss,S,West Georgia Wolves,Kansas State Wildcats,Committed,0,3.0,89.0,205.0,19.0,2023,2024-12-20T17:07:00,https://on3static.com/uploads/assets/426/391/391426.png,https://www.on3.com/db/qua-moss-246949/,portal_tracker_2025
Squirrel White,WR,Tennessee Volunteers,Florida State Seminoles,Committed,0,3.0,89.0,206.0,32.0,2022,2025-01-05T18:26:00,https://on3static.com/uploads/assets/277/226/226277.jpeg,https://www.on3.com/db/squirrel-white-83922/,portal_tracker_2025
J.Michael Sturdivant,WR,UCLA Bruins,Florida Gators,Committed,0,3.0,89.0,207.0,33.0,2021,2024-12-19T22:38:00,https://on3static.com/uploads/assets/832/12/12832.jpeg,https://www.on3.com/db/jmichael-sturdivant-50454/,portal_tracker_2025
Chase Sowell,WR,East Carolina Pirates,Iowa State Cyclones,Committed,0,3.0,89.0,208.0,34.0,2022,2024-12-14T13:58:00,https://on3static.com/uploads/assets/75/394/394075.jpg,https://www.on3.com/db/chase-sowell-149887/,portal_tracker_2025
Cam Vaughn,WR,Jacksonville State Gamecocks,West Virginia Mountaineers,Committed,0,3.0,89.0,209.0,35.0,2023,2025-01-06T10:42:00,https://on3static.com/uploads/assets/689/393/393689.png,https://www.on3.com/db/cam-vaughn-177233/,portal_tracker_2025
Taran Tyo,OT,Ball State Cardinals,Cincinnati Bearcats,Committed,0,3.0,89.0,210.0,15.0,2022,2024-12-12T15:07:00,https://on3static.com/uploads/assets/192/386/386192.jpg,https://www.on3.com/db/taran-tyo-146247/,portal_tracker_2025
Marques Watson-Trent,LB,Georgia Southern Eagles,Nebraska Cornhuskers,Committed,0,3.0,89.0,211.0,14.0,2020,2025-01-04T11:46:00,https://on3static.com/uploads/assets/890/174/174890.png,https://www.on3.com/db/marques-watson-trent-84013/,portal_tracker_2025
Fa'alili Fa'amoe,IOL,Washington State Cougars,Wake Forest Demon Deacons,Committed,0,3.0,89.0,212.0,18.0,2020,2025-01-04T18:32:00,https://on3static.com/uploads/assets/198/24/24198.jpeg,https://www.on3.com/db/faalili-faamoe-43605/,portal_tracker_2025
Alexander Wollschlaeger,OT,Bowling Green Falcons,Kentucky Wildcats,Committed,0,3.0,89.0,213.0,16.0,2020,2024-12-16T10:55:00,https://on3static.com/uploads/assets/122/394/394122.jpg,https://www.on3.com/db/alexander-wollschlaeger-3600/,portal_tracker_2025
Teague Andersen,OT,Utah State Aggies,NC State Wolfpack,Committed,0,3.0,89.0,214.0,17.0,2022,2024-12-17T13:37:00,https://on3static.com/uploads/assets/784/390/390784.jpg,https://www.on3.com/db/teague-andersen-111025/,portal_tracker_2025
Jacobie Henderson,CB,Marshall Thundering Herd,Rutgers Scarlet Knights,Committed,0,3.0,89.0,215.0,31.0,2022,2024-12-18T11:08:00,https://on3static.com/uploads/assets/144/464/464144.jpg,https://www.on3.com/db/jacobie-henderson-52346/,portal_tracker_2025
Bob Schick,IOL,Virginia Tech Hokies,Oklahoma State Cowboys,Committed,0,3.0,89.0,216.0,19.0,2020,2025-04-28T08:26:00,https://on3static.com/uploads/assets/5/25/25005.jpeg,https://www.on3.com/db/bob-schick-146264/,portal_tracker_2025
McKenzie Agnello,OT,New Mexico Lobos,Houston Cougars,Committed,0,3.0,89.0,217.0,18.0,2021,2024-12-13T14:29:00,https://on3static.com/uploads/assets/564/392/392564.png,https://www.on3.com/db/mckenzie-agnello-86886/,portal_tracker_2025
J'onre Reed,IOL,Syracuse Orange,USC Trojans,Committed,0,3.0,89.0,218.0,20.0,2019,2025-01-08T17:33:00,https://on3static.com/uploads/assets/765/304/304765.png,https://www.on3.com/db/jonre-reed-163388/,portal_tracker_2025
Tucker Large,S,South Dakota State Jackrabbits,Washington State Cougars,Committed,0,3.0,89.0,219.0,20.0,2021,2025-01-04T13:31:00,https://on3static.com/uploads/assets/736/404/404736.png,https://www.on3.com/db/tucker-large-248527/,portal_tracker_2025
Jordan White,IOL,Liberty Flames,Vanderbilt Commodores,Committed,0,3.0,89.0,220.0,21.0,2020,2024-12-18T14:57:00,https://on3static.com/uploads/assets/129/18/18129.jpeg,https://www.on3.com/db/jordan-white-66186/,portal_tracker_2025
Jack Hollifield,IOL,Appalachian State Mountaineers,Tulane Green Wave,Committed,0,3.0,89.0,221.0,22.0,2021,2024-12-26T17:47:00,https://on3static.com/uploads/assets/421/16/16421.jpeg,https://www.on3.com/db/jack-hollifield-51148/,portal_tracker_2025
Caden Kitler,IOL,UCF Knights,Arkansas Razorbacks,Committed,0,3.0,89.0,222.0,23.0,2022,2024-12-19T10:34:00,https://on3static.com/uploads/assets/81/394/394081.jpg,https://www.on3.com/db/caden-kitler-16730/,portal_tracker_2025
Sage Ryan,S,LSU Tigers,Ole Miss Rebels,Committed,0,3.0,89.0,223.0,21.0,2021,2024-12-20T16:43:00,https://on3static.com/uploads/assets/74/394/394074.jpg,https://www.on3.com/db/sage-ryan-104090/,portal_tracker_2025
Joey Aguilar,QB,UCLA Bruins,Tennessee Volunteers,Committed,0,3.0,89.0,224.0,19.0,2019,2025-04-29T16:18:00,https://on3static.com/uploads/assets/851/472/472851.png,https://www.on3.com/db/joey-aguilar-62716/,portal_tracker_2025
Will Whitson,DL,Coastal Carolina Chanticleers,Mississippi State Bulldogs,Committed,0,3.0,89.0,225.0,13.0,2020,2024-12-30T17:51:00,https://on3static.com/uploads/assets/111/394/394111.jpg,https://www.on3.com/db/will-whitson-174179/,portal_tracker_2025
RJ Jackson,DL,Tulsa Golden Hurricane,UCF Knights,Committed,0,3.0,89.0,226.0,14.0,2023,2024-12-14T15:19:00,https://on3static.com/uploads/assets/754/564/564754.PNG,https://www.on3.com/db/rj-jackson-146455/,portal_tracker_2025
Damien Taylor,RB,Troy Trojans,Ole Miss Rebels,Committed,0,3.0,89.0,227.0,18.0,2021,2025-04-20T13:52:00,https://on3static.com/uploads/assets/584/441/441584.png,https://www.on3.com/db/damien-taylor-28600/,portal_tracker_2025
Kewan Lacy,RB,Missouri Tigers,Ole Miss Rebels,Committed,1015305,3.0,89.0,228.0,19.0,2024,2024-12-16T21:14:00,https://on3static.com/uploads/assets/603/215/215603.jpg,https://www.on3.com/db/kewan-lacy-150872/,portal_tracker_2025
Rashod Dubinion,RB,Arkansas Razorbacks,Appalachian State Mountaineers,Committed,0,3.0,89.0,229.0,20.0,2022,2025-01-05T16:45:00,https://on3static.com/uploads/assets/217/72/72217.jpeg,https://www.on3.com/db/rashod-dubinion-98722/,portal_tracker_2025
Lee Beebe,RB,UAB Blazers,Indiana Hoosiers,Committed,0,3.0,89.0,230.0,21.0,2022,2024-12-17T15:10:00,https://on3static.com/uploads/assets/553/392/392553.png,https://www.on3.com/db/lee-beebe-215651/,portal_tracker_2025
Gavin Hoffman,TE,Iowa Hawkeyes,Missouri Tigers,Committed,0,3.0,89.0,231.0,11.0,2024,2025-04-18T11:10:00,https://on3static.com/uploads/assets/903/394/394903.JPG,https://www.on3.com/db/gavin-hoffman-166497/,portal_tracker_2025
Jadon Canady,S,Ole Miss Rebels,Oregon Ducks,Committed,0,3.0,89.0,232.0,22.0,2021,2025-02-10T19:51:00,https://on3static.com/uploads/assets/124/74/74124.jpeg,https://www.on3.com/db/jadon-canady-52740/,portal_tracker_2025
Carver Willis,OT,Kansas State Wildcats,Washington Huskies,Committed,0,3.0,89.0,233.0,19.0,2020,2024-12-12T22:22:00,https://on3static.com/uploads/assets/119/394/394119.jpg,https://www.on3.com/db/carver-willis-18983/,portal_tracker_2025
Luke Baklenko,IOL,Stanford Cardinal,Oklahoma Sooners,Committed,0,3.0,89.0,234.0,24.0,2023,2024-12-16T19:14:00,https://on3static.com/uploads/assets/393/577/577393.png,https://www.on3.com/db/luke-baklenko-148190/,portal_tracker_2025
Mason Murphy,IOL,USC Trojans,Auburn Tigers,Committed,0,3.0,89.0,235.0,25.0,2021,2024-12-17T07:16:00,https://on3static.com/uploads/assets/302/96/96302.png,https://www.on3.com/db/mason-murphy-84830/,portal_tracker_2025
Zach Calzada,QB,Incarnate Word Cardinals,Kentucky Wildcats,Committed,0,3.0,89.0,236.0,20.0,2019,2024-12-19T10:59:00,https://on3static.com/uploads/assets/406/393/393406.png,https://www.on3.com/db/zach-calzada-122623/,portal_tracker_2025
Anthony Colandrea,QB,Virginia Cavaliers,UNLV Rebels,Committed,732467,3.0,89.0,237.0,21.0,2023,2024-12-21T20:28:00,https://on3static.com/uploads/assets/324/396/396324.jpg,https://www.on3.com/db/anthony-colandrea-5972/,portal_tracker_2025
Maalik Murphy,QB,Duke Blue Devils,Oregon State Beavers,Committed,0,3.0,89.0,238.0,22.0,2022,2024-12-19T13:29:00,https://on3static.com/uploads/assets/960/71/71960.jpeg,https://www.on3.com/db/maalik-murphy-81109/,portal_tracker_2025
Courtney Crutchfield,WR,Missouri Tigers,Arkansas Razorbacks,Committed,0,3.0,89.0,239.0,36.0,2024,2024-12-25T17:52:00,https://on3static.com/uploads/assets/237/397/397237.jpg,https://www.on3.com/db/courtney-crutchfield-175138/,portal_tracker_2025
Mark Hamper,WR,Wisconsin Badgers,California Golden Bears,Committed,0,3.0,89.0,240.0,37.0,2023,2025-04-30T14:56:00,https://on3static.com/uploads/assets/655/394/394655.png,https://www.on3.com/db/mark-hamper-151358/,portal_tracker_2025
DT Sheffield,WR,North Texas Mean Green,Rutgers Scarlet Knights,Committed,0,3.0,89.0,241.0,38.0,2020,2024-12-17T14:54:00,https://on3static.com/uploads/assets/242/463/463242.jpg,https://www.on3.com/db/dt-sheffield-39274/,portal_tracker_2025
Will Pauling,WR,Wisconsin Badgers,Notre Dame Fighting Irish,Committed,0,3.0,89.0,242.0,39.0,2021,2024-12-24T17:30:00,https://on3static.com/uploads/assets/236/137/137236.jpeg,https://www.on3.com/db/will-pauling-120969/,portal_tracker_2025
Griffin Wilde,WR,South Dakota State Jackrabbits,Northwestern Wildcats,Committed,0,3.0,89.0,243.0,40.0,2023,2025-01-04T14:50:00,https://on3static.com/uploads/assets/965/396/396965.jpg,https://www.on3.com/db/griffin-wilde-247608/,portal_tracker_2025
Zarian McGill,IOL,Louisiana Tech Bulldogs,Colorado Buffaloes,Committed,0,3.0,89.0,244.0,26.0,2020,2025-01-05T11:08:00,https://on3static.com/uploads/assets/592/263/263592.jpeg,https://www.on3.com/db/zarian-mcgill-149942/,portal_tracker_2025
Delano Townsend,IOL,UAB Blazers,Ole Miss Rebels,Committed,0,3.0,89.0,245.0,27.0,2023,2024-12-19T11:52:00,https://on3static.com/uploads/assets/131/392/392131.jpg,https://www.on3.com/db/delano-townsend-156048/,portal_tracker_2025
Sam Pendleton,IOL,Notre Dame Fighting Irish,Tennessee Volunteers,Committed,0,3.0,89.0,246.0,28.0,2023,2025-01-24T08:37:00,https://on3static.com/uploads/assets/929/235/235929.jpeg,https://www.on3.com/db/sam-pendleton-104451/,portal_tracker_2025
D'antre Robinson,DL,Florida Gators,North Carolina Tar Heels,Committed,0,3.0,89.0,247.0,15.0,2024,2025-04-26T11:00:00,https://on3static.com/uploads/assets/939/470/470939.jpg,https://www.on3.com/db/dantre-robinson-150731/,portal_tracker_2025
Sabastian Harsh,EDGE,Wyoming Cowboys,NC State Wolfpack,Committed,0,3.0,89.0,248.0,25.0,2021,2025-04-07T13:18:00,https://on3static.com/uploads/assets/121/428/428121.png,https://www.on3.com/db/sabastian-harsh-156128/,portal_tracker_2025
Fisher Camac,EDGE,UNLV Rebels,Virginia Cavaliers,Committed,0,3.0,89.0,249.0,26.0,2022,2025-01-05T21:00:00,https://on3static.com/uploads/assets/353/396/396353.jpg,https://www.on3.com/db/fisher-camac-149922/,portal_tracker_2025
Stephen Daley,DL,Kent State Golden Flashes,Indiana Hoosiers,Committed,0,3.0,89.0,250.0,16.0,2022,2025-04-20T12:17:00,https://on3static.com/uploads/assets/572/441/441572.png,https://www.on3.com/db/stephen-daley-108382/,portal_tracker_2025
Eddie Walls,EDGE,FIU Golden Panthers,Houston Cougars,Committed,0,3.0,89.0,251.0,27.0,2023,2025-04-25T06:33:00,https://on3static.com/uploads/assets/216/444/444216.png,https://www.on3.com/db/eddie-walls-183014/,portal_tracker_2025
Durell Robinson,RB,Connecticut Huskies,Auburn Tigers,Committed,0,3.0,89.0,252.0,22.0,2023,2024-12-14T12:06:00,https://on3static.com/uploads/assets/139/392/392139.jpg,https://www.on3.com/db/durell-robinson-147128/,portal_tracker_2025
CJ Campbell Jr.,RB,Florida Atlantic Owls,Rutgers Scarlet Knights,Committed,0,3.0,89.0,253.0,23.0,2021,2024-12-13T09:30:00,https://on3static.com/uploads/assets/67/242/242067.jpeg,https://www.on3.com/db/cj-campbell-jr-23572/,portal_tracker_2025
Riley WIlson,EDGE,Montana Grizzlies,Arizona Wildcats,Committed,0,3.0,89.0,254.0,28.0,2020,2024-12-26T11:16:00,https://on3static.com/uploads/assets/57/404/404057.png,https://www.on3.com/db/riley-wilson-100595/,portal_tracker_2025
DJ Warner,EDGE,Kansas Jayhawks,SMU Mustangs,Committed,0,3.0,89.0,255.0,29.0,2024,2024-12-22T11:52:00,https://on3static.com/uploads/assets/125/392/392125.jpg,https://www.on3.com/db/dj-warner-154600/,portal_tracker_2025
DD Holmes,EDGE,Florida State Seminoles,Maryland Terrapins,Committed,0,3.0,89.0,256.0,30.0,2024,2025-01-05T11:52:00,https://on3static.com/uploads/assets/322/67/67322.jpg,https://www.on3.com/db/dd-holmes-151575/,portal_tracker_2025
Jack Pyburn,EDGE,Florida Gators,LSU Tigers,Committed,0,3.0,89.0,257.0,31.0,2022,2024-12-16T11:15:00,https://on3static.com/uploads/assets/522/393/393522.png,https://www.on3.com/db/jack-pyburn-146071/,portal_tracker_2025
Jeff Caldwell,WR,Lindenwood University Lions,Cincinnati Bearcats,Committed,0,3.0,89.0,258.0,41.0,2022,2024-12-17T13:18:00,https://on3static.com/uploads/assets/136/392/392136.jpg,https://www.on3.com/db/jeff-caldwell-246933/,portal_tracker_2025
Seth McGowan,RB,New Mexico State Aggies,Kentucky Wildcats,Committed,0,3.0,89.0,259.0,24.0,2020,2025-04-20T15:09:00,https://on3static.com/uploads/assets/519/18/18519.jpeg,https://www.on3.com/db/seth-mcgowan-106051/,portal_tracker_2025
Eugene Brooks,IOL,Oklahoma Sooners,UCLA Bruins,Committed,0,3.0,89.0,260.0,29.0,2024,2024-12-18T12:14:00,https://on3static.com/uploads/assets/117/394/394117.jpg,https://www.on3.com/db/eugene-brooks-43116/,portal_tracker_2025
Tawee Walker,RB,Wisconsin Badgers,Cincinnati Bearcats,Committed,0,3.0,88.0,261.0,25.0,2019,2025-01-06T22:51:00,https://on3static.com/uploads/assets/679/264/264679.jpeg,https://www.on3.com/db/tawee-walker-110645/,portal_tracker_2025
Jacob Manu,LB,Arizona Wildcats,Washington Huskies,Committed,0,3.0,88.0,262.0,15.0,2022,2024-12-20T15:51:00,https://on3static.com/uploads/assets/650/396/396650.jpg,https://www.on3.com/db/jacob-manu-147200/,portal_tracker_2025
Tyquan King,LB,Temple Owls,Connecticut Huskies,Committed,0,3.0,88.0,263.0,16.0,2021,2025-01-09T17:44:00,https://on3static.com/uploads/assets/462/469/469462.png,https://www.on3.com/db/tyquan-king-118344/,portal_tracker_2025
Jalen Smith,LB,Tennessee Volunteers,Mississippi State Bulldogs,Committed,0,3.0,88.0,264.0,17.0,2023,2024-12-19T10:16:00,https://on3static.com/uploads/assets/262/226/226262.jpeg,https://www.on3.com/db/jalen-smith-146092/,portal_tracker_2025
Jay'Vion Cole,CB,Texas Longhorns,Arizona Wildcats,Committed,0,3.0,88.0,265.0,32.0,2022,2024-12-16T14:49:00,https://on3static.com/uploads/assets/212/132/132212.jpg,https://www.on3.com/db/jayvion-cole-59267/,portal_tracker_2025
Jamel Johnson,CB,Temple Owls,NC State Wolfpack,Committed,0,3.0,88.0,266.0,33.0,2022,2025-01-06T20:55:00,https://on3static.com/uploads/assets/530/284/284530.png,https://www.on3.com/db/jamel-johnson-239677/,portal_tracker_2025
Tyler Onyedim,EDGE,Iowa State Cyclones,Texas A&M Aggies,Committed,0,3.0,88.0,267.0,32.0,2021,2025-01-02T22:21:00,https://on3static.com/uploads/assets/813/15/15813.jpeg,https://www.on3.com/db/tyler-onyedim-117917/,portal_tracker_2025
Andrel Anthony,WR,Oklahoma Sooners,Duke Blue Devils,Committed,0,3.0,88.0,268.0,42.0,2021,2024-12-19T20:07:00,https://on3static.com/uploads/assets/246/209/209246.jpeg,https://www.on3.com/db/andrel-anthony-4799/,portal_tracker_2025
Devin Turner,S,Northwestern Wildcats,Baylor Bears,Committed,0,3.0,88.0,269.0,23.0,2022,2024-12-17T18:46:00,https://on3static.com/uploads/assets/97/88/88097.jpeg,https://www.on3.com/db/devin-turner-36245/,portal_tracker_2025
CJ Christian,S,FIU Golden Panthers,Washington Huskies,Committed,0,3.0,88.0,270.0,24.0,2019,2024-12-22T09:38:00,https://on3static.com/uploads/assets/173/394/394173.png,https://www.on3.com/db/cj-christian-155130/,portal_tracker_2025
Chrishon McCray,WR,Kent State Golden Flashes,Michigan State Spartans,Committed,0,3.0,88.0,271.0,43.0,2022,2024-12-16T18:47:00,https://on3static.com/uploads/assets/206/391/391206.png,https://www.on3.com/db/chrishon-mccray-22723/,portal_tracker_2025
Beau Pribula,QB,Penn State Nittany Lions,Missouri Tigers,Committed,1063024,3.0,88.0,272.0,23.0,2022,2024-12-22T20:16:00,https://on3static.com/uploads/assets/244/397/397244.jpg,https://www.on3.com/db/beau-pribula-9533/,portal_tracker_2025
Conner Weigman,QB,Texas A&M Aggies,Houston Cougars,Committed,1523027,3.0,88.0,273.0,24.0,2022,2024-12-11T20:52:00,https://on3static.com/uploads/assets/911/71/71911.jpeg,https://www.on3.com/db/conner-weigman-25459/,portal_tracker_2025
Kani Walker,CB,Oklahoma Sooners,Arkansas Razorbacks,Committed,0,3.0,88.0,274.0,34.0,2021,2024-12-14T12:49:00,https://on3static.com/uploads/assets/187/86/86187.jpeg,https://www.on3.com/db/kani-walker-71171/,portal_tracker_2025
Brian Nelson,CB,North Texas Mean Green,NC State Wolfpack,Committed,0,3.0,88.0,275.0,35.0,2023,2025-05-02T14:26:00,https://on3static.com/uploads/assets/640/219/219640.png,https://www.on3.com/db/brian-nelson-158567/,portal_tracker_2025
Geimere Latimer,CB,Jacksonville State Gamecocks,Wisconsin Badgers,Committed,0,3.0,88.0,276.0,36.0,2023,2024-12-24T10:51:00,https://on3static.com/uploads/assets/655/396/396655.jpg,https://www.on3.com/db/geimere-latimer-159093/,portal_tracker_2025
Conner Moore,OT,Montana State Bobcats,Michigan State Spartans,Committed,0,3.0,88.0,277.0,20.0,2022,2025-01-11T18:16:00,https://on3static.com/uploads/assets/353/391/391353.jpg,https://www.on3.com/db/conner-moore-203244/,portal_tracker_2025
Johnny Williams IV,OT,West Virginia Mountaineers,Missouri Tigers,Committed,0,3.0,88.0,278.0,21.0,2023,2024-12-28T16:31:00,https://on3static.com/uploads/assets/239/397/397239.jpg,https://www.on3.com/db/johnny-williams-iv-64113/,portal_tracker_2025
Dontae Balfour,CB,Charlotte 49ers,Texas Tech Red Raiders,Committed,0,3.0,88.0,279.0,37.0,2021,2024-12-12T14:37:00,https://on3static.com/uploads/assets/77/394/394077.jpg,https://www.on3.com/db/dontae-balfour-38317/,portal_tracker_2025
Travion Barnes,LB,FIU Golden Panthers,Baylor Bears,Committed,0,3.0,88.0,280.0,18.0,2022,2024-12-20T17:13:00,https://on3static.com/uploads/assets/58/389/389058.png,https://www.on3.com/db/travion-barnes-114471/,portal_tracker_2025
Sam Brumfield,LB,Virginia Tech Hokies,Memphis Tigers,Committed,0,3.0,88.0,281.0,19.0,2020,2025-01-04T11:05:00,https://on3static.com/uploads/assets/491/262/262491.png,https://www.on3.com/db/sam-brumfield-162646/,portal_tracker_2025
Phillip Dunnam,S,Florida Atlantic Owls,UCF Knights,Committed,0,3.0,88.0,282.0,25.0,2022,2024-12-25T10:17:00,https://on3static.com/uploads/assets/657/564/564657.PNG,https://www.on3.com/db/phillip-dunnam-96517/,portal_tracker_2025
Lewis Carter,LB,Oklahoma Sooners,UCF Knights,Committed,0,3.0,88.0,283.0,20.0,2023,2025-01-04T14:54:00,https://on3static.com/uploads/assets/701/564/564701.PNG,https://www.on3.com/db/lewis-carter-79379/,portal_tracker_2025
Bryan McCoy,LB,Akron Zips,Oklahoma State Cowboys,Committed,0,3.0,88.0,284.0,21.0,2022,2024-12-15T08:54:00,https://on3static.com/uploads/assets/140/392/392140.jpg,https://www.on3.com/db/bryan-mccoy-15495/,portal_tracker_2025
Kelby Collins,EDGE,Florida Gators,Alabama Crimson Tide,Committed,201230,3.0,88.0,285.0,33.0,2023,2024-12-17T19:33:00,https://on3static.com/uploads/assets/499/393/393499.jpg,https://www.on3.com/db/kelby-collins-72316/,portal_tracker_2025
David Blay,DL,Louisiana Tech Bulldogs,Miami Hurricanes,Committed,0,3.0,88.0,286.0,17.0,2021,2024-12-21T14:01:00,https://on3static.com/uploads/assets/653/396/396653.jpg,https://www.on3.com/db/david-blay-246932/,portal_tracker_2025
Dominique Ratcliff,DL,Texas State Bobcats,Indiana Hoosiers,Committed,0,3.0,88.0,287.0,18.0,2020,2024-12-17T14:19:00,https://on3static.com/uploads/assets/744/75/75744.jpeg,https://www.on3.com/db/dominique-ratcliff-37744/,portal_tracker_2025
Bear Alexander,DL,USC Trojans,Oregon Ducks,Committed,1233716,3.0,88.0,288.0,19.0,2022,2024-12-20T21:02:00,https://on3static.com/uploads/assets/928/218/218928.png,https://www.on3.com/db/bear-alexander-9456/,portal_tracker_2025
Tye Edwards,RB,Northern Iowa Panthers,West Virginia Mountaineers,Committed,0,3.0,88.0,289.0,26.0,2019,2025-01-10T12:43:00,https://on3static.com/uploads/assets/763/73/73763.jpeg,https://www.on3.com/db/tye-edwards-117191/,portal_tracker_2025
Logan George,EDGE,Idaho State Bengals,Ohio State Buckeyes,Committed,0,3.0,88.0,290.0,34.0,2021,2024-12-23T16:03:00,https://on3static.com/uploads/assets/929/395/395929.png,https://www.on3.com/db/logan-george-79728/,portal_tracker_2025
James Thompson Jr.,DL,Wisconsin Badgers,Illinois Fighting Illini,Committed,0,3.0,88.0,291.0,20.0,2020,2024-12-25T14:28:00,https://on3static.com/uploads/assets/547/393/393547.png,https://www.on3.com/db/james-thompson-jr-55966/,portal_tracker_2025
Keagen Trost,OT,Wake Forest Demon Deacons,Missouri Tigers,Committed,0,3.0,88.0,292.0,22.0,2019,2024-12-20T21:25:00,https://on3static.com/uploads/assets/923/261/261923.jpeg,https://www.on3.com/db/keagen-trost-239014/,portal_tracker_2025
Kendall Stanley,OT,Charlotte 49ers,Pittsburgh Panthers,Committed,0,3.0,88.0,293.0,23.0,2022,2024-12-23T11:02:00,https://on3static.com/uploads/assets/817/91/91817.jpg,https://www.on3.com/db/kendall-stanley-149775/,portal_tracker_2025
Matt Gulbin,IOL,Wake Forest Demon Deacons,Michigan State Spartans,Committed,0,3.0,88.0,294.0,30.0,2021,2024-12-22T16:58:00,https://on3static.com/uploads/assets/446/16/16446.jpeg,https://www.on3.com/db/matt-gulbin-85343/,portal_tracker_2025
Shiyazh Pete,OT,New Mexico State Aggies,Kentucky Wildcats,Committed,0,3.0,88.0,295.0,24.0,2021,2025-01-19T13:34:00,https://on3static.com/uploads/assets/218/394/394218.png,https://www.on3.com/db/shiyazh-pete-179880/,portal_tracker_2025
Makylan Pounders,OT,Mississippi State Bulldogs,Louisville Cardinals,Committed,0,3.0,88.0,296.0,25.0,2021,2024-12-14T13:30:00,https://on3static.com/uploads/assets/451/214/214451.jpeg,https://www.on3.com/db/makylan-pounders-81398/,portal_tracker_2025
Jaylen Early,OT,Florida State Seminoles,Missouri Tigers,Committed,0,3.0,88.0,297.0,26.0,2022,2025-04-22T13:58:00,https://on3static.com/uploads/assets/111/242/242111.jpeg,https://www.on3.com/db/jaylen-early-58855/,portal_tracker_2025
Evan Beerntsen,IOL,South Dakota State Jackrabbits,Northwestern Wildcats,Committed,0,3.0,88.0,298.0,31.0,2019,2025-01-04T17:12:00,https://on3static.com/uploads/assets/218/400/400218.png,https://www.on3.com/db/evan-beerntsen-43189/,portal_tracker_2025
Teon Parks,CB,Illinois State Redbirds,Colorado Buffaloes,Committed,0,3.0,88.0,299.0,38.0,2023,2025-04-19T19:50:00,https://on3static.com/uploads/assets/124/441/441124.jpeg,https://www.on3.com/db/teon-parks-250701/,portal_tracker_2025
Amari Niblack,TE,Texas Longhorns,Texas A&M Aggies,Committed,0,3.0,88.0,300.0,12.0,2022,2025-01-20T10:21:00,https://on3static.com/uploads/assets/764/225/225764.jpeg,https://www.on3.com/db/amari-niblack-4209/,portal_tracker_2025
